run_date,ticker,company,market,pool_presence,theme,chain_layer,mapped_us,why_now,source_strength_score,exposure_purity_score,paper_signal_score,novelty_score,sentiment_score,market_setup_score,risk_score,total_score,recommendation,review_status,supporting_signals,supporting_papers,price,change_percent,quote_timestamp,notes
2026-07-26,000657.SZ,中钨高新,A股,online_pool,AI inference serving and networking; Physical AI and robotics; Semiconductor materials and consumables,上游,,"FLUX 3 Launches: Black Forest Labs Enters Video, Audio, and Physical AI in One Model - Tech Times / Image Sensor Market Overview - Market Growth Reports / VLA Still in Play, WAM Yet to Take Hold as Physical AI Remains Far from Settled - Gasgoo / Emergent Compositional Skills in Mixture-of-Experts VLAs / PhysCoRe: Physics-Corrected Residual World Models for Material-Aware Deformable Dynamics",20,13,15,10,10,8,5,81,already_in_pool,pending,9c6ac15f8eb85572; ffae9ed2d2037e08; 87a7c56a7b3bfa14; 2ca1a3d4e162e321; d4b266ceb78af9e5; e8792472ab3bda25; bdce3ee63c0cd611; fd208efa18c7b24c; 680e59606f04ddbd; 316d586babfa626b; 48ab20ee10c2b1d3; d366b2993382c284,2607.20771v1; 2607.20653v1; 2607.19876v1; 2607.19719v1; 2607.19190v2; 2607.18709v2; 2607.17521v2,55.51,-3.8788,2026-07-24T01:30:00+00:00,日内位置温和
2026-07-26,002463.SZ,沪电股份,A股,online_pool,AI PCB and advanced packaging; AI data center power and cooling; AI inference serving and networking; CPO and optical interconnect,上游,,Technology Announces Strategic Partnership with NVIDIA to Expand Advanced Packaging and Test for Next-Generation AI Inf… / Will Korea’s Gigawatt-Scale AI Factories Deal Redefine NVIDIA’s (NVDA) Infrastructure Narrative? - simplywall.st / SK Group and NVIDIA Expand Strategic Partnership Across AI Factories and Next-Generation Memory - NVIDIA Newsroom / Windowed-MTP: Removing the Full-Context Draft-KV Tax at Million-Token Context / Emergent Compositional Skills in Mixture-of-Experts VLAs,20,13,15,10,10,8,5,81,already_in_pool,pending,6a876e8517ebf59b; 642696e9e4c4feb6; 04aa4d78ce51c9fe; 27fb20ef8cd19f38; 191c5917ec33b1c1; 3cb5613f5c09c0cb; bb13f1911f1e170c; ce7467d37940fb4d; c1a2508bf025488c; 91a0973148b76890; edf79ff6cdee28f8; 335f43da8a24bf7b,2607.21535v1; 2607.20771v1; 2607.20723v1; 2607.19771v1; 2607.20652v1; 2607.19973v1; 2607.19343v1; 2607.19438v1; 2607.18722v2; 2607.19223v1; 2607.19058v1; 2607.17598v1,112.22,-3.0413,2026-07-24T01:30:00+00:00,日内位置温和
2026-07-26,600111.SS,北方稀土,A股,online_pool,AI inference serving and networking; Physical AI and robotics; Semiconductor equipment and manufacturing; Semiconductor materials and consumables,上游,,"FLUX 3 Launches: Black Forest Labs Enters Video, Audio, and Physical AI in One Model - Tech Times / Image Sensor Market Overview - Market Growth Reports / VLA Still in Play, WAM Yet to Take Hold as Physical AI Remains Far from Settled - Gasgoo / Emergent Compositional Skills in Mixture-of-Experts VLAs / PhysCoRe: Physics-Corrected Residual World Models for Material-Aware Deformable Dynamics",20,13,15,10,10,8,5,81,already_in_pool,pending,9c6ac15f8eb85572; ffae9ed2d2037e08; 87a7c56a7b3bfa14; 2ca1a3d4e162e321; d4b266ceb78af9e5; e8792472ab3bda25; bdce3ee63c0cd611; fd208efa18c7b24c; 680e59606f04ddbd; 316d586babfa626b; 48ab20ee10c2b1d3; d366b2993382c284,2607.20771v1; 2607.20653v1; 2607.19876v1; 2607.19719v1; 2607.19190v2; 2607.18709v2; 2607.18565v1; 2607.17521v2,39.03,-3.0792,2026-07-24T01:30:00+00:00,日内位置温和
2026-07-26,688322.SS,奥比中光,A股,online_pool,AI inference serving and networking; Physical AI and robotics; Semiconductor materials and consumables,下游,,"FLUX 3 Launches: Black Forest Labs Enters Video, Audio, and Physical AI in One Model - Tech Times / Image Sensor Market Overview - Market Growth Reports / VLA Still in Play, WAM Yet to Take Hold as Physical AI Remains Far from Settled - Gasgoo / Emergent Compositional Skills in Mixture-of-Experts VLAs / PhysCoRe: Physics-Corrected Residual World Models for Material-Aware Deformable Dynamics",20,13,15,10,10,8,5,81,already_in_pool,pending,9c6ac15f8eb85572; ffae9ed2d2037e08; 87a7c56a7b3bfa14; 2ca1a3d4e162e321; d4b266ceb78af9e5; e8792472ab3bda25; bdce3ee63c0cd611; fd208efa18c7b24c; 680e59606f04ddbd; 316d586babfa626b; 48ab20ee10c2b1d3; d366b2993382c284,2607.20771v1; 2607.20653v1; 2607.19876v1; 2607.19719v1; 2607.19190v2; 2607.18709v2; 2607.17521v2,87.57,-3.7057,2026-07-24T01:30:00+00:00,日内位置温和
2026-07-26,ANET,Arista Networks,美股,online_pool,AI PCB and advanced packaging; AI data center power and cooling; AI inference serving and networking; CPO and optical interconnect,中游,ANET,Technology Announces Strategic Partnership with NVIDIA to Expand Advanced Packaging and Test for Next-Generation AI Inf… / Will Korea’s Gigawatt-Scale AI Factories Deal Redefine NVIDIA’s (NVDA) Infrastructure Narrative? - simplywall.st / SK Group and NVIDIA Expand Strategic Partnership Across AI Factories and Next-Generation Memory - NVIDIA Newsroom / Windowed-MTP: Removing the Full-Context Draft-KV Tax at Million-Token Context / Emergent Compositional Skills in Mixture-of-Experts VLAs,20,13,15,10,10,8,5,81,already_in_pool,pending,6a876e8517ebf59b; 642696e9e4c4feb6; 04aa4d78ce51c9fe; 191c5917ec33b1c1; 3cb5613f5c09c0cb; bb13f1911f1e170c; ce7467d37940fb4d; c1a2508bf025488c; 91a0973148b76890; edf79ff6cdee28f8; 335f43da8a24bf7b; 4699906b9c0874d1,2607.21535v1; 2607.20771v1; 2607.20723v1; 2607.19771v1; 2607.20652v1; 2607.19973v1; 2607.19343v1; 2607.19438v1; 2607.18722v2; 2607.19223v1; 2607.19058v1; 2607.17598v1,173.99,-1.4835,2026-07-24T13:30:00+00:00,日内位置温和
2026-07-26,NVDA,NVIDIA,美股,online_pool,AI PCB and advanced packaging; AI data center power and cooling; AI inference serving and networking; CPO and optical interconnect,上游,NVDA,Technology Announces Strategic Partnership with NVIDIA to Expand Advanced Packaging and Test for Next-Generation AI Inf… / Will Korea’s Gigawatt-Scale AI Factories Deal Redefine NVIDIA’s (NVDA) Infrastructure Narrative? - simplywall.st / SK Group and NVIDIA Expand Strategic Partnership Across AI Factories and Next-Generation Memory - NVIDIA Newsroom / Windowed-MTP: Removing the Full-Context Draft-KV Tax at Million-Token Context / REFACT: Adaptive Fact Restatement for Compact and Faithful Chain-of-Thought Reasoning,20,13,15,10,10,8,5,81,already_in_pool,pending,6a876e8517ebf59b; 642696e9e4c4feb6; 04aa4d78ce51c9fe; 9c6ac15f8eb85572; 191c5917ec33b1c1; 3cb5613f5c09c0cb; bb13f1911f1e170c; ce7467d37940fb4d; c1a2508bf025488c; 91a0973148b76890; edf79ff6cdee28f8; ffae9ed2d2037e08,2607.21535v1; 2607.20833v1; 2607.21475v1; 2607.21447v1; 2607.21284v1; 2607.21067v1; 2607.20771v1; 2607.20723v1; 2607.19771v1; 2607.20652v1; 2607.19973v1; 2607.20653v1,206.84,-0.9197,2026-07-24T13:30:00+00:00,日内位置温和
2026-07-26,TSLA,Tesla,美股,online_pool,AI PCB and advanced packaging; AI data center power and cooling; AI inference serving and networking; Physical AI and robotics,下游,TSLA,"FLUX 3 Launches: Black Forest Labs Enters Video, Audio, and Physical AI in One Model - Tech Times / Image Sensor Market Overview - Market Growth Reports / VLA Still in Play, WAM Yet to Take Hold as Physical AI Remains Far from Settled - Gasgoo / Emergent Compositional Skills in Mixture-of-Experts VLAs / PhysCoRe: Physics-Corrected Residual World Models for Material-Aware Deformable Dynamics",20,13,15,10,10,8,5,81,already_in_pool,pending,9c6ac15f8eb85572; ffae9ed2d2037e08; 87a7c56a7b3bfa14; 2ca1a3d4e162e321; d4b266ceb78af9e5; e8792472ab3bda25; bdce3ee63c0cd611; fd208efa18c7b24c; 680e59606f04ddbd; 316d586babfa626b; 48ab20ee10c2b1d3; d366b2993382c284,2607.20771v1; 2607.20653v1; 2607.19876v1; 2607.19719v1; 2607.19343v1; 2607.19190v2; 2607.18709v2; 2607.18565v1; 2607.17521v2,313.03,-2.0833,2026-07-24T13:30:00+00:00,日内位置温和
2026-07-26,MSFT,Microsoft,美股,online_pool,AI PCB and advanced packaging; AI inference serving and networking; CPO and optical interconnect; HBM memory and context storage,下游,MSFT,VAST Data Expands Collaboration with AMD to Advance AI Infrastructure for the Inference Era - Carroll County Mirror-Dem… / AMD Challenges NVIDIA's Full-Stack Barriers: Complete Insight into AMD AAI 2026 - 36 Kr / Tensormesh and AMD Collaborate to Empower Fewer GPUs to Serve More Models - Yahoo Finance / Windowed-MTP: Removing the Full-Context Draft-KV Tax at Million-Token Context / REFACT: Adaptive Fact Restatement for Compact and Faithful Chain-of-Thought Reasoning,19,13,15,10,10,8,5,80,already_in_pool,pending,bb13f1911f1e170c; d100094032c0f32e; a3e8a65a3a8d17f3; cca67a7eb7b36c4f; adea3035d769539d; f74183ce00a6766c; 24b06efe30dfad15; 736fcdb89a7e1f42; 7efc4d9fc21f8355; 31366d3c50fb6513; e4a1e936e64defea; 933b0b2e7fce3908,2607.21535v1; 2607.20833v1; 2607.21447v1; 2607.21284v1; 2607.21067v1; 2607.20771v1; 2607.20723v1; 2607.19771v1; 2607.20652v1; 2607.19973v1; 2607.19438v1; 2607.18722v2,381.7,0.0315,2026-07-24T13:30:00+00:00,日内位置温和
2026-07-26,002050.SZ,三花智控,A股,online_pool,AI PCB and advanced packaging; AI data center power and cooling; AI inference serving and networking; Physical AI and robotics,下游,,"FLUX 3 Launches: Black Forest Labs Enters Video, Audio, and Physical AI in One Model - Tech Times / Image Sensor Market Overview - Market Growth Reports / VLA Still in Play, WAM Yet to Take Hold as Physical AI Remains Far from Settled - Gasgoo / Emergent Compositional Skills in Mixture-of-Experts VLAs / PhysCoRe: Physics-Corrected Residual World Models for Material-Aware Deformable Dynamics",20,13,15,10,10,5,5,78,already_in_pool,pending,9c6ac15f8eb85572; ffae9ed2d2037e08; 87a7c56a7b3bfa14; 2ca1a3d4e162e321; d4b266ceb78af9e5; e8792472ab3bda25; bdce3ee63c0cd611; fd208efa18c7b24c; 680e59606f04ddbd; 316d586babfa626b; 48ab20ee10c2b1d3; d366b2993382c284,2607.20771v1; 2607.20653v1; 2607.19876v1; 2607.19719v1; 2607.19343v1; 2607.19190v2; 2607.18709v2; 2607.18565v1; 2607.17521v2,35.05,-5.7542,2026-07-24T01:30:00+00:00,短线偏弱，可观察是否回撤提供更好位置
2026-07-26,300124.SZ,汇川技术,A股,online_pool,AI inference serving and networking; Physical AI and robotics; Semiconductor materials and consumables,下游,,"FLUX 3 Launches: Black Forest Labs Enters Video, Audio, and Physical AI in One Model - Tech Times / Image Sensor Market Overview - Market Growth Reports / VLA Still in Play, WAM Yet to Take Hold as Physical AI Remains Far from Settled - Gasgoo / Emergent Compositional Skills in Mixture-of-Experts VLAs / PhysCoRe: Physics-Corrected Residual World Models for Material-Aware Deformable Dynamics",20,13,15,10,10,5,5,78,already_in_pool,pending,9c6ac15f8eb85572; ffae9ed2d2037e08; 87a7c56a7b3bfa14; 2ca1a3d4e162e321; d4b266ceb78af9e5; e8792472ab3bda25; bdce3ee63c0cd611; fd208efa18c7b24c; 680e59606f04ddbd; 316d586babfa626b; 48ab20ee10c2b1d3; d366b2993382c284,2607.20771v1; 2607.20653v1; 2607.19876v1; 2607.19719v1; 2607.19190v2; 2607.18709v2; 2607.17521v2,59.35,-4.8268,2026-07-24T01:30:00+00:00,短线偏弱，可观察是否回撤提供更好位置
2026-07-26,600875.SS,东方电气,A股,online_pool,AI data center power and cooling; AI inference serving and networking; HBM memory and context storage; Physical AI and robotics,中游,,How liquid cooling is redefining data centre efficiency - Business Review / U.S. Data Center Cooling Market Size to Reach USD 81.23 Billion by 2035 - Precedence Research / Liquid Cooling Becomes Mainstream for High-Density AI Data Centers - Indiatimes / REFACT: Adaptive Fact Restatement for Compact and Faithful Chain-of-Thought Reasoning / Error Certificates for KV-Cache Eviction via Randomized Design,20,13,15,10,10,5,5,78,already_in_pool,pending,27fb20ef8cd19f38; b9c2b0133fea0126; 559dab128c8262f7; b1e38a7cb7fd2a3c; e4a1e936e64defea; 9c6fd888ca80466d; fd208efa18c7b24c; 4f63d63b952842a9; b7cb1ea7c4d87199; 309541f1151325ac; b4e253d672ad3bf7; 48ab20ee10c2b1d3,2607.20833v1; 2607.21475v1; 2607.20723v1; 2607.20653v1; 2607.19876v1; 2607.19190v2; 2607.17715v1; 2607.17283v1,25.58,-7.8198,2026-07-24T01:30:00+00:00,短线偏弱，可观察是否回撤提供更好位置
2026-07-26,601689.SS,拓普集团,A股,online_pool,AI PCB and advanced packaging; AI data center power and cooling; AI inference serving and networking; Physical AI and robotics,下游,,"FLUX 3 Launches: Black Forest Labs Enters Video, Audio, and Physical AI in One Model - Tech Times / Image Sensor Market Overview - Market Growth Reports / VLA Still in Play, WAM Yet to Take Hold as Physical AI Remains Far from Settled - Gasgoo / Emergent Compositional Skills in Mixture-of-Experts VLAs / PhysCoRe: Physics-Corrected Residual World Models for Material-Aware Deformable Dynamics",20,13,15,10,10,5,5,78,already_in_pool,pending,9c6ac15f8eb85572; ffae9ed2d2037e08; 87a7c56a7b3bfa14; 2ca1a3d4e162e321; d4b266ceb78af9e5; e8792472ab3bda25; bdce3ee63c0cd611; fd208efa18c7b24c; 680e59606f04ddbd; 316d586babfa626b; 48ab20ee10c2b1d3; d366b2993382c284,2607.20771v1; 2607.20653v1; 2607.19876v1; 2607.19719v1; 2607.19343v1; 2607.19190v2; 2607.18709v2; 2607.18565v1; 2607.17521v2,45.62,-5.2937,2026-07-24T01:30:00+00:00,短线偏弱，可观察是否回撤提供更好位置
2026-07-26,MRVL,Marvell Technology,美股,online_pool,AI PCB and advanced packaging; AI data center power and cooling; AI inference serving and networking; CPO and optical interconnect,上游,MRVL,Technology Announces Strategic Partnership with NVIDIA to Expand Advanced Packaging and Test for Next-Generation AI Inf… / Will Korea’s Gigawatt-Scale AI Factories Deal Redefine NVIDIA’s (NVDA) Infrastructure Narrative? - simplywall.st / SK Group and NVIDIA Expand Strategic Partnership Across AI Factories and Next-Generation Memory - NVIDIA Newsroom / Windowed-MTP: Removing the Full-Context Draft-KV Tax at Million-Token Context / Emergent Compositional Skills in Mixture-of-Experts VLAs,20,13,15,10,10,5,5,78,already_in_pool,pending,6a876e8517ebf59b; 642696e9e4c4feb6; 04aa4d78ce51c9fe; 191c5917ec33b1c1; 3cb5613f5c09c0cb; bb13f1911f1e170c; ce7467d37940fb4d; c1a2508bf025488c; 91a0973148b76890; edf79ff6cdee28f8; 335f43da8a24bf7b; 4699906b9c0874d1,2607.21535v1; 2607.20771v1; 2607.20723v1; 2607.19771v1; 2607.20652v1; 2607.19973v1; 2607.19343v1; 2607.19438v1; 2607.18722v2; 2607.19223v1; 2607.19058v1; 2607.17598v1,194.23,-7.2091,2026-07-24T13:30:00+00:00,短线偏弱，可观察是否回撤提供更好位置
2026-07-26,000938.SZ,紫光股份,A股,online_pool,AI PCB and advanced packaging; AI data center power and cooling; AI inference serving and networking; CPO and optical interconnect,中游,,Technology Announces Strategic Partnership with NVIDIA to Expand Advanced Packaging and Test for Next-Generation AI Inf… / Will Korea’s Gigawatt-Scale AI Factories Deal Redefine NVIDIA’s (NVDA) Infrastructure Narrative? - simplywall.st / SK Group and NVIDIA Expand Strategic Partnership Across AI Factories and Next-Generation Memory - NVIDIA Newsroom / Masked Visual Actions for Unified World Modeling / Is Progressive Disclosure All You Need for Long-Context Agents?,20,13,11,10,10,8,5,77,already_in_pool,pending,6a876e8517ebf59b; 642696e9e4c4feb6; 04aa4d78ce51c9fe; 27fb20ef8cd19f38; 191c5917ec33b1c1; 3cb5613f5c09c0cb; bb13f1911f1e170c; ce7467d37940fb4d; c1a2508bf025488c; 91a0973148b76890; edf79ff6cdee28f8; 335f43da8a24bf7b,2607.19343v1; 2607.17598v1,41.45,-2.3557,2026-07-24T01:30:00+00:00,日内位置温和
2026-07-26,000977.SZ,浪潮信息,A股,online_pool,AI PCB and advanced packaging; AI data center power and cooling; AI inference serving and networking; CPO and optical interconnect,中游,,Technology Announces Strategic Partnership with NVIDIA to Expand Advanced Packaging and Test for Next-Generation AI Inf… / Will Korea’s Gigawatt-Scale AI Factories Deal Redefine NVIDIA’s (NVDA) Infrastructure Narrative? - simplywall.st / SK Group and NVIDIA Expand Strategic Partnership Across AI Factories and Next-Generation Memory - NVIDIA Newsroom / Masked Visual Actions for Unified World Modeling / Is Progressive Disclosure All You Need for Long-Context Agents?,20,13,11,10,10,8,5,77,already_in_pool,pending,6a876e8517ebf59b; 642696e9e4c4feb6; 04aa4d78ce51c9fe; 27fb20ef8cd19f38; 191c5917ec33b1c1; 3cb5613f5c09c0cb; bb13f1911f1e170c; ce7467d37940fb4d; c1a2508bf025488c; 91a0973148b76890; edf79ff6cdee28f8; 5ff8d34e9125e51e,2607.19343v1; 2607.17598v1,85.31,-3.0127,2026-07-24T01:30:00+00:00,日内位置温和
2026-07-26,002436.SZ,兴森科技,A股,online_pool,AI PCB and advanced packaging; AI inference serving and networking; CPO and optical interconnect; HBM memory and context storage,上游,,Technology Announces Strategic Partnership with NVIDIA to Expand Advanced Packaging and Test for Next-Generation AI Inf… / Beyond HBM: Samsung Targets the Next AI Battleground with Advanced Packaging and CPO - semivision / Beyond HBM: Samsung Targets the Next AI Battleground with Advanced Packaging and CPO - semivision / Windowed-MTP: Removing the Full-Context Draft-KV Tax at Million-Token Context / REFACT: Adaptive Fact Restatement for Compact and Faithful Chain-of-Thought Reasoning,16,13,15,10,10,8,5,77,already_in_pool,pending,6a876e8517ebf59b; 191c5917ec33b1c1; 3cb5613f5c09c0cb; ce7467d37940fb4d; c1a2508bf025488c; 91a0973148b76890; edf79ff6cdee28f8; ffae9ed2d2037e08; 04d94c4f82f7472a; e081f9e9b8835715; 4fb87a44cf433e4c; fb60f82e3d6dccb9,2607.21535v1; 2607.20833v1; 2607.21475v1; 2607.21447v1; 2607.21284v1; 2607.21067v1; 2607.19343v1; 2607.19345v1; 2607.18565v1; 2607.18213v1; 2607.17715v1; 2607.17598v1,33.8,-2.5656,2026-07-24T01:30:00+00:00,日内位置温和
2026-07-26,300054.SZ,鼎龙股份,A股,online_pool,AI PCB and advanced packaging; CPO and optical interconnect; HBM memory and context storage; Physical AI and robotics,上游,,Technology Announces Strategic Partnership with NVIDIA to Expand Advanced Packaging and Test for Next-Generation AI Inf… / Beyond HBM: Samsung Targets the Next AI Battleground with Advanced Packaging and CPO - semivision / Beyond HBM: Samsung Targets the Next AI Battleground with Advanced Packaging and CPO - semivision / Masked Visual Actions for Unified World Modeling / Integrity-Gated Eco-CACC: Epistemic Admissibility for Cooperative Driving at Signalized Intersections,16,13,15,10,10,8,5,77,already_in_pool,pending,6a876e8517ebf59b; 191c5917ec33b1c1; 3cb5613f5c09c0cb; ce7467d37940fb4d; c1a2508bf025488c; 91a0973148b76890; edf79ff6cdee28f8; ffae9ed2d2037e08; 04d94c4f82f7472a; bfc045e37a0e2186; a5f94cc19d2d3485; 8c9597a5cb9dcb14,2607.19343v1; 2607.18565v1; 2607.17598v1; 2607.17074v1,73.79,1.8917,2026-07-24T01:30:00+00:00,日内位置温和
2026-07-26,300236.SZ,上海新阳,A股,online_pool,AI PCB and advanced packaging; CPO and optical interconnect; HBM memory and context storage; Physical AI and robotics,上游,,Technology Announces Strategic Partnership with NVIDIA to Expand Advanced Packaging and Test for Next-Generation AI Inf… / Beyond HBM: Samsung Targets the Next AI Battleground with Advanced Packaging and CPO - semivision / Beyond HBM: Samsung Targets the Next AI Battleground with Advanced Packaging and CPO - semivision / Masked Visual Actions for Unified World Modeling / Integrity-Gated Eco-CACC: Epistemic Admissibility for Cooperative Driving at Signalized Intersections,16,13,15,10,10,8,5,77,already_in_pool,pending,6a876e8517ebf59b; 191c5917ec33b1c1; 3cb5613f5c09c0cb; ce7467d37940fb4d; c1a2508bf025488c; 91a0973148b76890; edf79ff6cdee28f8; ffae9ed2d2037e08; 04d94c4f82f7472a; bfc045e37a0e2186; a5f94cc19d2d3485; 8c9597a5cb9dcb14,2607.19343v1; 2607.18565v1; 2607.17598v1; 2607.17074v1,86.47,0.4064,2026-07-24T01:30:00+00:00,日内位置温和
2026-07-26,300442.SZ,润泽科技,A股,online_pool,AI inference serving and networking; CPO and optical interconnect; HBM memory and context storage; Physical AI and robotics,中游,,VAST Data Expands Collaboration with AMD to Advance AI Infrastructure for the Inference Era - Carroll County Mirror-Dem… / AMD Challenges NVIDIA's Full-Stack Barriers: Complete Insight into AMD AAI 2026 - 36 Kr / Tensormesh and AMD Collaborate to Empower Fewer GPUs to Serve More Models - Yahoo Finance / Windowed-MTP: Removing the Full-Context Draft-KV Tax at Million-Token Context / Emergent Compositional Skills in Mixture-of-Experts VLAs,19,13,15,10,10,5,5,77,already_in_pool,pending,bb13f1911f1e170c; d100094032c0f32e; a3e8a65a3a8d17f3; cca67a7eb7b36c4f; adea3035d769539d; f74183ce00a6766c; 24b06efe30dfad15; 933b0b2e7fce3908; 680e59606f04ddbd; 3cb1edf87254bfe7; fa0f3103936464e0; 39756799b32b32ff,2607.21535v1; 2607.20771v1; 2607.20723v1; 2607.19771v1; 2607.20652v1; 2607.19973v1; 2607.19438v1; 2607.18722v2; 2607.19223v1; 2607.19058v1; 2607.17283v1; 2607.17299v1,64.8,-4.3825,2026-07-24T01:30:00+00:00,短线偏弱，可观察是否回撤提供更好位置
2026-07-26,300476.SZ,胜宏科技,A股,online_pool,AI PCB and advanced packaging; AI data center power and cooling; AI inference serving and networking; CPO and optical interconnect,上游,,Technology Announces Strategic Partnership with NVIDIA to Expand Advanced Packaging and Test for Next-Generation AI Inf… / Will Korea’s Gigawatt-Scale AI Factories Deal Redefine NVIDIA’s (NVDA) Infrastructure Narrative? - simplywall.st / SK Group and NVIDIA Expand Strategic Partnership Across AI Factories and Next-Generation Memory - NVIDIA Newsroom / Masked Visual Actions for Unified World Modeling / Is Progressive Disclosure All You Need for Long-Context Agents?,20,13,11,10,10,8,5,77,already_in_pool,pending,6a876e8517ebf59b; 642696e9e4c4feb6; 04aa4d78ce51c9fe; 27fb20ef8cd19f38; 191c5917ec33b1c1; 3cb5613f5c09c0cb; bb13f1911f1e170c; ce7467d37940fb4d; c1a2508bf025488c; 91a0973148b76890; edf79ff6cdee28f8; 5ff8d34e9125e51e,2607.19343v1; 2607.17598v1,230.01,-3.7333,2026-07-24T01:30:00+00:00,日内位置温和
2026-07-26,301308.SZ,江波龙,A股,online_pool,AI PCB and advanced packaging; AI data center power and cooling; AI inference serving and networking; CPO and optical interconnect,上游,,Beyond HBM: Samsung Targets the Next AI Battleground with Advanced Packaging and CPO - semivision / Beyond HBM: Samsung Targets the Next AI Battleground with Advanced Packaging and CPO - semivision / From HBM to Cold Storage: Storage's Big Six at a Crossroads – What Will Drive the Next Bull Run? - odaily.news / Windowed-MTP: Removing the Full-Context Draft-KV Tax at Million-Token Context / REFACT: Adaptive Fact Restatement for Compact and Faithful Chain-of-Thought Reasoning,16,13,15,10,10,8,5,77,already_in_pool,pending,191c5917ec33b1c1; 3cb5613f5c09c0cb; e081f9e9b8835715; 4fb87a44cf433e4c; fb60f82e3d6dccb9; 4b965e63fce18258; 24b06efe30dfad15; 736fcdb89a7e1f42; 7efc4d9fc21f8355; 31366d3c50fb6513; e4a1e936e64defea; 9c6fd888ca80466d,2607.21535v1; 2607.20833v1; 2607.21475v1; 2607.21447v1; 2607.21284v1; 2607.21067v1; 2607.19345v1; 2607.18213v1; 2607.17715v1; 2607.17598v1; 2607.17074v1; 2607.17283v1,370.01,-1.5538,2026-07-24T01:30:00+00:00,日内位置温和
2026-07-26,603228.SS,景旺电子,A股,online_pool,AI PCB and advanced packaging; AI data center power and cooling; AI inference serving and networking; CPO and optical interconnect,上游,,Technology Announces Strategic Partnership with NVIDIA to Expand Advanced Packaging and Test for Next-Generation AI Inf… / Will Korea’s Gigawatt-Scale AI Factories Deal Redefine NVIDIA’s (NVDA) Infrastructure Narrative? - simplywall.st / SK Group and NVIDIA Expand Strategic Partnership Across AI Factories and Next-Generation Memory - NVIDIA Newsroom / Masked Visual Actions for Unified World Modeling / Is Progressive Disclosure All You Need for Long-Context Agents?,20,13,11,10,10,8,5,77,already_in_pool,pending,6a876e8517ebf59b; 642696e9e4c4feb6; 04aa4d78ce51c9fe; 27fb20ef8cd19f38; 191c5917ec33b1c1; 3cb5613f5c09c0cb; bb13f1911f1e170c; ce7467d37940fb4d; c1a2508bf025488c; 91a0973148b76890; edf79ff6cdee28f8; 5ff8d34e9125e51e,2607.19343v1; 2607.17598v1,74.6,1.0977,2026-07-24T01:30:00+00:00,日内位置温和
2026-07-26,603986.SS,兆易创新,A股,online_pool,AI PCB and advanced packaging; AI data center power and cooling; AI inference serving and networking; CPO and optical interconnect,上游,,Beyond HBM: Samsung Targets the Next AI Battleground with Advanced Packaging and CPO - semivision / Beyond HBM: Samsung Targets the Next AI Battleground with Advanced Packaging and CPO - semivision / From HBM to Cold Storage: Storage's Big Six at a Crossroads – What Will Drive the Next Bull Run? - odaily.news / Windowed-MTP: Removing the Full-Context Draft-KV Tax at Million-Token Context / REFACT: Adaptive Fact Restatement for Compact and Faithful Chain-of-Thought Reasoning,16,13,15,10,10,8,5,77,already_in_pool,pending,191c5917ec33b1c1; 3cb5613f5c09c0cb; e081f9e9b8835715; 4fb87a44cf433e4c; fb60f82e3d6dccb9; 4b965e63fce18258; 24b06efe30dfad15; 736fcdb89a7e1f42; 7efc4d9fc21f8355; 31366d3c50fb6513; e4a1e936e64defea; 9c6fd888ca80466d,2607.21535v1; 2607.20833v1; 2607.21475v1; 2607.21447v1; 2607.21284v1; 2607.21067v1; 2607.19345v1; 2607.18213v1; 2607.17715v1; 2607.17598v1; 2607.17074v1; 2607.17283v1,457.0,1.1151,2026-07-24T01:30:00+00:00,日内位置温和
2026-07-26,688535.SS,华海诚科,A股,online_pool,AI PCB and advanced packaging; AI data center power and cooling; AI inference serving and networking; CPO and optical interconnect,上游,,Beyond HBM: Samsung Targets the Next AI Battleground with Advanced Packaging and CPO - semivision / Beyond HBM: Samsung Targets the Next AI Battleground with Advanced Packaging and CPO - semivision / Image Sensor Market Overview - Market Growth Reports / Windowed-MTP: Removing the Full-Context Draft-KV Tax at Million-Token Context / REFACT: Adaptive Fact Restatement for Compact and Faithful Chain-of-Thought Reasoning,16,13,15,10,10,8,5,77,already_in_pool,pending,191c5917ec33b1c1; 3cb5613f5c09c0cb; ffae9ed2d2037e08; 04d94c4f82f7472a; e081f9e9b8835715; 4fb87a44cf433e4c; fb60f82e3d6dccb9; 4b965e63fce18258; a5f94cc19d2d3485; 24b06efe30dfad15; 736fcdb89a7e1f42; 7efc4d9fc21f8355,2607.21535v1; 2607.20833v1; 2607.21475v1; 2607.21447v1; 2607.21284v1; 2607.21067v1; 2607.19345v1; 2607.18565v1; 2607.18213v1; 2607.17715v1; 2607.17598v1; 2607.17074v1,103.5,1.7999,2026-07-24T01:30:00+00:00,日内位置温和
2026-07-26,AMKR,Amkor Technology,美股,online_pool,AI PCB and advanced packaging; CPO and optical interconnect; HBM memory and context storage; Physical AI and robotics,上游,AMKR,Technology Announces Strategic Partnership with NVIDIA to Expand Advanced Packaging and Test for Next-Generation AI Inf… / Beyond HBM: Samsung Targets the Next AI Battleground with Advanced Packaging and CPO - semivision / Beyond HBM: Samsung Targets the Next AI Battleground with Advanced Packaging and CPO - semivision / Masked Visual Actions for Unified World Modeling / Integrity-Gated Eco-CACC: Epistemic Admissibility for Cooperative Driving at Signalized Intersections,16,13,15,10,10,8,5,77,already_in_pool,pending,6a876e8517ebf59b; 191c5917ec33b1c1; 3cb5613f5c09c0cb; ce7467d37940fb4d; c1a2508bf025488c; 91a0973148b76890; edf79ff6cdee28f8; 04d94c4f82f7472a; 98f541570aa4b632; 7aa42ee8311fcda1; 6bffd025a34e49e2; 5daec49e78ef37c1,2607.19343v1; 2607.18565v1; 2607.17598v1; 2607.17074v1,64.96,-0.5664,2026-07-24T13:30:00+00:00,日内位置温和
2026-07-26,AMZN,Amazon,美股,online_pool,AI PCB and advanced packaging; AI inference serving and networking; CPO and optical interconnect; HBM memory and context storage,下游,AMZN,VAST Data Expands Collaboration with AMD to Advance AI Infrastructure for the Inference Era - Carroll County Mirror-Dem… / AMD Challenges NVIDIA's Full-Stack Barriers: Complete Insight into AMD AAI 2026 - 36 Kr / Tensormesh and AMD Collaborate to Empower Fewer GPUs to Serve More Models - Yahoo Finance / Windowed-MTP: Removing the Full-Context Draft-KV Tax at Million-Token Context / REFACT: Adaptive Fact Restatement for Compact and Faithful Chain-of-Thought Reasoning,16,13,15,10,10,8,5,77,already_in_pool,pending,bb13f1911f1e170c; d100094032c0f32e; a3e8a65a3a8d17f3; cca67a7eb7b36c4f; adea3035d769539d; f74183ce00a6766c; 24b06efe30dfad15; 736fcdb89a7e1f42; 7efc4d9fc21f8355; 31366d3c50fb6513; e4a1e936e64defea; 933b0b2e7fce3908,2607.21535v1; 2607.20833v1; 2607.21447v1; 2607.21284v1; 2607.21067v1; 2607.20771v1; 2607.20723v1; 2607.19771v1; 2607.20652v1; 2607.19973v1; 2607.19438v1; 2607.18722v2,232.11,-0.6634,2026-07-24T13:30:00+00:00,日内位置温和
2026-07-26,ASML,ASML Holding,美股,online_pool,AI PCB and advanced packaging; CPO and optical interconnect; HBM memory and context storage; Physical AI and robotics,上游,ASML,Technology Announces Strategic Partnership with NVIDIA to Expand Advanced Packaging and Test for Next-Generation AI Inf… / Beyond HBM: Samsung Targets the Next AI Battleground with Advanced Packaging and CPO - semivision / Beyond HBM: Samsung Targets the Next AI Battleground with Advanced Packaging and CPO - semivision / Masked Visual Actions for Unified World Modeling / Integrity-Gated Eco-CACC: Epistemic Admissibility for Cooperative Driving at Signalized Intersections,16,13,15,10,10,8,5,77,already_in_pool,pending,6a876e8517ebf59b; 191c5917ec33b1c1; 3cb5613f5c09c0cb; ce7467d37940fb4d; c1a2508bf025488c; 91a0973148b76890; edf79ff6cdee28f8; 04d94c4f82f7472a; 98f541570aa4b632; 7aa42ee8311fcda1; 6bffd025a34e49e2; 5daec49e78ef37c1,2607.19343v1; 2607.18565v1; 2607.17598v1; 2607.17074v1,1757.09,-2.5463,2026-07-24T13:30:00+00:00,日内位置温和
2026-07-26,AVGO,Broadcom,美股,online_pool,AI PCB and advanced packaging; AI inference serving and networking; CPO and optical interconnect; HBM memory and context storage,上游,AVGO,Technology Announces Strategic Partnership with NVIDIA to Expand Advanced Packaging and Test for Next-Generation AI Inf… / Beyond HBM: Samsung Targets the Next AI Battleground with Advanced Packaging and CPO - semivision / Beyond HBM: Samsung Targets the Next AI Battleground with Advanced Packaging and CPO - semivision / Windowed-MTP: Removing the Full-Context Draft-KV Tax at Million-Token Context / Emergent Compositional Skills in Mixture-of-Experts VLAs,16,13,15,10,10,8,5,77,already_in_pool,pending,6a876e8517ebf59b; 191c5917ec33b1c1; 3cb5613f5c09c0cb; bb13f1911f1e170c; ce7467d37940fb4d; c1a2508bf025488c; 91a0973148b76890; edf79ff6cdee28f8; d100094032c0f32e; a3e8a65a3a8d17f3; cca67a7eb7b36c4f; adea3035d769539d,2607.21535v1; 2607.20771v1; 2607.20723v1; 2607.19771v1; 2607.20652v1; 2607.19973v1; 2607.19343v1; 2607.19438v1; 2607.18722v2; 2607.19223v1; 2607.19058v1; 2607.17598v1,381.92,-2.6881,2026-07-24T13:30:00+00:00,日内位置温和
2026-07-26,DELL,Dell Technologies,美股,online_pool,AI PCB and advanced packaging; AI data center power and cooling; AI inference serving and networking; CPO and optical interconnect,中游,DELL,Technology Announces Strategic Partnership with NVIDIA to Expand Advanced Packaging and Test for Next-Generation AI Inf… / Will Korea’s Gigawatt-Scale AI Factories Deal Redefine NVIDIA’s (NVDA) Infrastructure Narrative? - simplywall.st / SK Group and NVIDIA Expand Strategic Partnership Across AI Factories and Next-Generation Memory - NVIDIA Newsroom / Masked Visual Actions for Unified World Modeling / Is Progressive Disclosure All You Need for Long-Context Agents?,20,13,11,10,10,8,5,77,already_in_pool,pending,6a876e8517ebf59b; 642696e9e4c4feb6; 04aa4d78ce51c9fe; 27fb20ef8cd19f38; 191c5917ec33b1c1; 3cb5613f5c09c0cb; bb13f1911f1e170c; ce7467d37940fb4d; c1a2508bf025488c; 91a0973148b76890; edf79ff6cdee28f8; 5ff8d34e9125e51e,2607.19343v1; 2607.17598v1,437.5,-0.4188,2026-07-24T13:30:00+00:00,日内位置温和
2026-07-26,GOOG,Alphabet,美股,online_pool,AI PCB and advanced packaging; AI inference serving and networking; CPO and optical interconnect; HBM memory and context storage,下游,GOOG,VAST Data Expands Collaboration with AMD to Advance AI Infrastructure for the Inference Era - Carroll County Mirror-Dem… / AMD Challenges NVIDIA's Full-Stack Barriers: Complete Insight into AMD AAI 2026 - 36 Kr / Tensormesh and AMD Collaborate to Empower Fewer GPUs to Serve More Models - Yahoo Finance / Windowed-MTP: Removing the Full-Context Draft-KV Tax at Million-Token Context / REFACT: Adaptive Fact Restatement for Compact and Faithful Chain-of-Thought Reasoning,16,13,15,10,10,8,5,77,already_in_pool,pending,bb13f1911f1e170c; d100094032c0f32e; a3e8a65a3a8d17f3; cca67a7eb7b36c4f; adea3035d769539d; f74183ce00a6766c; 24b06efe30dfad15; 736fcdb89a7e1f42; 7efc4d9fc21f8355; 31366d3c50fb6513; e4a1e936e64defea; 933b0b2e7fce3908,2607.21535v1; 2607.20833v1; 2607.21447v1; 2607.21284v1; 2607.21067v1; 2607.20771v1; 2607.20723v1; 2607.19771v1; 2607.20652v1; 2607.19973v1; 2607.19438v1; 2607.18722v2,319.09,0.2356,2026-07-24T13:30:00+00:00,日内位置温和
2026-07-26,INTC,Intel,美股,online_pool,AI PCB and advanced packaging; CPO and optical interconnect; HBM memory and context storage; Physical AI and robotics,上游,INTC,Technology Announces Strategic Partnership with NVIDIA to Expand Advanced Packaging and Test for Next-Generation AI Inf… / Beyond HBM: Samsung Targets the Next AI Battleground with Advanced Packaging and CPO - semivision / Beyond HBM: Samsung Targets the Next AI Battleground with Advanced Packaging and CPO - semivision / Masked Visual Actions for Unified World Modeling / Integrity-Gated Eco-CACC: Epistemic Admissibility for Cooperative Driving at Signalized Intersections,19,13,15,10,10,5,5,77,already_in_pool,pending,6a876e8517ebf59b; 191c5917ec33b1c1; 3cb5613f5c09c0cb; ce7467d37940fb4d; c1a2508bf025488c; 91a0973148b76890; edf79ff6cdee28f8; ffae9ed2d2037e08; 04d94c4f82f7472a; bfc045e37a0e2186; a5f94cc19d2d3485; 8c9597a5cb9dcb14,2607.19343v1; 2607.18565v1; 2607.17598v1; 2607.17074v1,92.32,-7.8919,2026-07-24T13:30:00+00:00,短线偏弱，可观察是否回撤提供更好位置
2026-07-26,ORCL,Oracle,美股,online_pool,AI PCB and advanced packaging; AI inference serving and networking; CPO and optical interconnect; HBM memory and context storage,下游,ORCL,VAST Data Expands Collaboration with AMD to Advance AI Infrastructure for the Inference Era - Carroll County Mirror-Dem… / AMD Challenges NVIDIA's Full-Stack Barriers: Complete Insight into AMD AAI 2026 - 36 Kr / Tensormesh and AMD Collaborate to Empower Fewer GPUs to Serve More Models - Yahoo Finance / Windowed-MTP: Removing the Full-Context Draft-KV Tax at Million-Token Context / REFACT: Adaptive Fact Restatement for Compact and Faithful Chain-of-Thought Reasoning,19,13,15,10,10,5,5,77,already_in_pool,pending,bb13f1911f1e170c; d100094032c0f32e; a3e8a65a3a8d17f3; cca67a7eb7b36c4f; adea3035d769539d; f74183ce00a6766c; 24b06efe30dfad15; 736fcdb89a7e1f42; 7efc4d9fc21f8355; 31366d3c50fb6513; e4a1e936e64defea; 933b0b2e7fce3908,2607.21535v1; 2607.20833v1; 2607.21447v1; 2607.21284v1; 2607.21067v1; 2607.20771v1; 2607.20723v1; 2607.19771v1; 2607.20652v1; 2607.19973v1; 2607.19438v1; 2607.18722v2,114.99,-4.2069,2026-07-24T13:30:00+00:00,短线偏弱，可观察是否回撤提供更好位置
2026-07-26,TSM,Taiwan Semiconductor Manufacturing,美股,online_pool,AI PCB and advanced packaging; CPO and optical interconnect; HBM memory and context storage; Physical AI and robotics,上游,TSM,Technology Announces Strategic Partnership with NVIDIA to Expand Advanced Packaging and Test for Next-Generation AI Inf… / Beyond HBM: Samsung Targets the Next AI Battleground with Advanced Packaging and CPO - semivision / Beyond HBM: Samsung Targets the Next AI Battleground with Advanced Packaging and CPO - semivision / Masked Visual Actions for Unified World Modeling / Integrity-Gated Eco-CACC: Epistemic Admissibility for Cooperative Driving at Signalized Intersections,16,13,15,10,10,8,5,77,already_in_pool,pending,6a876e8517ebf59b; 191c5917ec33b1c1; 3cb5613f5c09c0cb; ce7467d37940fb4d; c1a2508bf025488c; 91a0973148b76890; edf79ff6cdee28f8; ffae9ed2d2037e08; 04d94c4f82f7472a; bfc045e37a0e2186; a5f94cc19d2d3485; 8c9597a5cb9dcb14,2607.19343v1; 2607.18565v1; 2607.17598v1; 2607.17074v1,403.41,-2.9284,2026-07-24T13:30:00+00:00,日内位置温和
2026-07-26,BE,Bloom Energy,美股,online_pool,AI data center power and cooling; AI inference serving and networking; HBM memory and context storage; Physical AI and robotics,中游,BE,How liquid cooling is redefining data centre efficiency - Business Review / U.S. Data Center Cooling Market Size to Reach USD 81.23 Billion by 2035 - Precedence Research / Liquid Cooling Becomes Mainstream for High-Density AI Data Centers - Indiatimes / REFACT: Adaptive Fact Restatement for Compact and Faithful Chain-of-Thought Reasoning / Error Certificates for KV-Cache Eviction via Randomized Design,20,13,15,10,10,3,5,76,already_in_pool,pending,27fb20ef8cd19f38; b9c2b0133fea0126; 559dab128c8262f7; b1e38a7cb7fd2a3c; e4a1e936e64defea; 9c6fd888ca80466d; fd208efa18c7b24c; 4f63d63b952842a9; b7cb1ea7c4d87199; 309541f1151325ac; b4e253d672ad3bf7; 48ab20ee10c2b1d3,2607.20833v1; 2607.21475v1; 2607.20723v1; 2607.20653v1; 2607.19876v1; 2607.19190v2; 2607.17715v1; 2607.17283v1,184.89,-14.9149,2026-07-24T13:30:00+00:00,单日大跌，需要确认是否基本面破坏
2026-07-26,CRDO,Credo Technology,美股,online_pool,AI PCB and advanced packaging; AI data center power and cooling; AI inference serving and networking; CPO and optical interconnect,上游,CRDO,Technology Announces Strategic Partnership with NVIDIA to Expand Advanced Packaging and Test for Next-Generation AI Inf… / Will Korea’s Gigawatt-Scale AI Factories Deal Redefine NVIDIA’s (NVDA) Infrastructure Narrative? - simplywall.st / SK Group and NVIDIA Expand Strategic Partnership Across AI Factories and Next-Generation Memory - NVIDIA Newsroom / Windowed-MTP: Removing the Full-Context Draft-KV Tax at Million-Token Context / Emergent Compositional Skills in Mixture-of-Experts VLAs,20,13,15,10,10,3,5,76,already_in_pool,pending,6a876e8517ebf59b; 642696e9e4c4feb6; 04aa4d78ce51c9fe; 191c5917ec33b1c1; 3cb5613f5c09c0cb; bb13f1911f1e170c; 335f43da8a24bf7b; 4699906b9c0874d1; d100094032c0f32e; 5ff8d34e9125e51e; bfc045e37a0e2186; 55c9777112a4dd9d,2607.21535v1; 2607.20771v1; 2607.20723v1; 2607.19771v1; 2607.20652v1; 2607.19973v1; 2607.19438v1; 2607.18722v2; 2607.19223v1; 2607.19058v1; 2607.17283v1; 2607.17299v1,213.15,-9.8732,2026-07-24T13:30:00+00:00,单日大跌，需要确认是否基本面破坏
2026-07-26,000021.SZ,深科技,A股,online_pool,AI PCB and advanced packaging; AI data center power and cooling; AI inference serving and networking; CPO and optical interconnect,上游,,Beyond HBM: Samsung Targets the Next AI Battleground with Advanced Packaging and CPO - semivision / Beyond HBM: Samsung Targets the Next AI Battleground with Advanced Packaging and CPO - semivision / From HBM to Cold Storage: Storage's Big Six at a Crossroads – What Will Drive the Next Bull Run? - odaily.news / Windowed-MTP: Removing the Full-Context Draft-KV Tax at Million-Token Context / REFACT: Adaptive Fact Restatement for Compact and Faithful Chain-of-Thought Reasoning,16,13,15,10,10,6,5,75,already_in_pool,pending,191c5917ec33b1c1; 3cb5613f5c09c0cb; e081f9e9b8835715; 4fb87a44cf433e4c; fb60f82e3d6dccb9; 4b965e63fce18258; 24b06efe30dfad15; 736fcdb89a7e1f42; 7efc4d9fc21f8355; 31366d3c50fb6513; e4a1e936e64defea; 9c6fd888ca80466d,2607.21535v1; 2607.20833v1; 2607.21475v1; 2607.21447v1; 2607.21284v1; 2607.21067v1; 2607.19345v1; 2607.18213v1; 2607.17715v1; 2607.17598v1; 2607.17074v1; 2607.17283v1,41.99,7.4188,2026-07-24T01:30:00+00:00,日内较强，注意追高
2026-07-26,688012.SS,中微公司,A股,online_pool,AI PCB and advanced packaging; HBM memory and context storage; Physical AI and robotics; Semiconductor equipment and manufacturing,上游,,"Global Chip Race Fractures Into Four Strategies: US Packaging Gap Remains After $265B Bet - Tech Times / NVIDIA backs Amkor with $1.5bn to expand AI packaging in the US ... - eeNews Europe / Nvidia, Amkor Sign $1.5 Billion U.S. Chip Packaging Deal - TradingView / Masked Visual Actions for Unified World Modeling / Integrity-Gated Eco-CACC: Epistemic Admissibility for Cooperative Driving at Signalized Intersections",16,13,13,10,10,8,5,75,already_in_pool,pending,ce7467d37940fb4d; c1a2508bf025488c; 91a0973148b76890; edf79ff6cdee28f8; 04d94c4f82f7472a; 7aa42ee8311fcda1; 6bffd025a34e49e2; 5daec49e78ef37c1; 0b4159988aa0f0a9; aa55e0ca0abc8763,2607.19343v1; 2607.18565v1; 2607.17074v1,388.5,3.5448,2026-07-24T01:30:00+00:00,日内位置温和
2026-07-26,688019.SS,安集科技,A股,online_pool,AI PCB and advanced packaging; AI inference serving and networking; HBM memory and context storage; Physical AI and robotics,上游,,Technology Announces Strategic Partnership with NVIDIA to Expand Advanced Packaging and Test for Next-Generation AI Inf… / Global Chip Race Fractures Into Four Strategies: US Packaging Gap Remains After $265B Bet - Tech Times / NVIDIA backs Amkor with $1.5bn to expand AI packaging in the US ... - eeNews Europe / Windowed-MTP: Removing the Full-Context Draft-KV Tax at Million-Token Context / REFACT: Adaptive Fact Restatement for Compact and Faithful Chain-of-Thought Reasoning,16,13,15,10,10,6,5,75,already_in_pool,pending,6a876e8517ebf59b; ce7467d37940fb4d; c1a2508bf025488c; 91a0973148b76890; edf79ff6cdee28f8; ffae9ed2d2037e08; 04d94c4f82f7472a; e081f9e9b8835715; 4fb87a44cf433e4c; fb60f82e3d6dccb9; bfc045e37a0e2186; 4b965e63fce18258,2607.21535v1; 2607.20833v1; 2607.21475v1; 2607.21447v1; 2607.21284v1; 2607.21067v1; 2607.19343v1; 2607.19345v1; 2607.18565v1; 2607.18213v1; 2607.17715v1; 2607.17074v1,256.49,5.0629,2026-07-24T01:30:00+00:00,日内较强，注意追高
2026-07-26,CRWV,CoreWeave,美股,online_pool,AI inference serving and networking; CPO and optical interconnect; HBM memory and context storage; Physical AI and robotics,中游,CRWV,VAST Data Expands Collaboration with AMD to Advance AI Infrastructure for the Inference Era - Carroll County Mirror-Dem… / AMD Challenges NVIDIA's Full-Stack Barriers: Complete Insight into AMD AAI 2026 - 36 Kr / Tensormesh and AMD Collaborate to Empower Fewer GPUs to Serve More Models - Yahoo Finance / Windowed-MTP: Removing the Full-Context Draft-KV Tax at Million-Token Context / Emergent Compositional Skills in Mixture-of-Experts VLAs,19,13,15,10,10,3,5,75,already_in_pool,pending,bb13f1911f1e170c; d100094032c0f32e; a3e8a65a3a8d17f3; cca67a7eb7b36c4f; adea3035d769539d; f74183ce00a6766c; 24b06efe30dfad15; 933b0b2e7fce3908; 680e59606f04ddbd; 3cb1edf87254bfe7; fa0f3103936464e0; 39756799b32b32ff,2607.21535v1; 2607.20771v1; 2607.20723v1; 2607.19771v1; 2607.20652v1; 2607.19973v1; 2607.19438v1; 2607.18722v2; 2607.19223v1; 2607.19058v1; 2607.17283v1; 2607.17299v1,71.88,-11.3687,2026-07-24T13:30:00+00:00,单日大跌，需要确认是否基本面破坏
2026-07-26,002916.SZ,深南电路,A股,online_pool,AI PCB and advanced packaging; AI data center power and cooling; AI inference serving and networking; CPO and optical interconnect,上游,,Technology Announces Strategic Partnership with NVIDIA to Expand Advanced Packaging and Test for Next-Generation AI Inf… / Will Korea’s Gigawatt-Scale AI Factories Deal Redefine NVIDIA’s (NVDA) Infrastructure Narrative? - simplywall.st / SK Group and NVIDIA Expand Strategic Partnership Across AI Factories and Next-Generation Memory - NVIDIA Newsroom / Masked Visual Actions for Unified World Modeling / Integrity-Gated Eco-CACC: Epistemic Admissibility for Cooperative Driving at Signalized Intersections,20,13,15,10,10,4,2,74,already_in_pool,pending,6a876e8517ebf59b; 642696e9e4c4feb6; 04aa4d78ce51c9fe; 27fb20ef8cd19f38; 191c5917ec33b1c1; 3cb5613f5c09c0cb; bb13f1911f1e170c; ce7467d37940fb4d; c1a2508bf025488c; 91a0973148b76890; edf79ff6cdee28f8; ffae9ed2d2037e08,2607.19343v1; 2607.18565v1; 2607.17598v1; 2607.17074v1,332.81,-1.3809,2026-07-24T01:30:00+00:00,日内位置温和；原池状态提示过热/高估值
2026-07-26,300870.SZ,欧陆通,A股,online_pool,AI PCB and advanced packaging; AI data center power and cooling; AI inference serving and networking; CPO and optical interconnect,中游,,Will Korea’s Gigawatt-Scale AI Factories Deal Redefine NVIDIA’s (NVDA) Infrastructure Narrative? - simplywall.st / SK Group and NVIDIA Expand Strategic Partnership Across AI Factories and Next-Generation Memory - NVIDIA Newsroom / How liquid cooling is redefining data centre efficiency - Business Review / Masked Visual Actions for Unified World Modeling / Is Progressive Disclosure All You Need for Long-Context Agents?,20,13,11,10,10,5,5,74,already_in_pool,pending,642696e9e4c4feb6; 04aa4d78ce51c9fe; 27fb20ef8cd19f38; bb13f1911f1e170c; ce7467d37940fb4d; c1a2508bf025488c; 91a0973148b76890; edf79ff6cdee28f8; b9c2b0133fea0126; 5ff8d34e9125e51e; bfc045e37a0e2186; 559dab128c8262f7,2607.19343v1; 2607.17598v1,202.97,-4.7983,2026-07-24T01:30:00+00:00,短线偏弱，可观察是否回撤提供更好位置
2026-07-26,688017.SS,绿的谐波,A股,online_pool,AI inference serving and networking; Physical AI and robotics; Semiconductor materials and consumables,下游,,"FLUX 3 Launches: Black Forest Labs Enters Video, Audio, and Physical AI in One Model - Tech Times / Image Sensor Market Overview - Market Growth Reports / VLA Still in Play, WAM Yet to Take Hold as Physical AI Remains Far from Settled - Gasgoo / Emergent Compositional Skills in Mixture-of-Experts VLAs / PhysCoRe: Physics-Corrected Residual World Models for Material-Aware Deformable Dynamics",20,13,15,10,10,4,2,74,already_in_pool,pending,9c6ac15f8eb85572; ffae9ed2d2037e08; 87a7c56a7b3bfa14; 2ca1a3d4e162e321; d4b266ceb78af9e5; e8792472ab3bda25; bdce3ee63c0cd611; fd208efa18c7b24c; 680e59606f04ddbd; 316d586babfa626b; 48ab20ee10c2b1d3; d366b2993382c284,2607.20771v1; 2607.20653v1; 2607.19876v1; 2607.19719v1; 2607.19190v2; 2607.18709v2; 2607.17521v2,295.3,-4.2136,2026-07-24T01:30:00+00:00,短线偏弱，可观察是否回撤提供更好位置；原池状态提示过热/高估值
2026-07-26,688041.SS,海光信息,A股,online_pool,AI PCB and advanced packaging; AI data center power and cooling; AI inference serving and networking; CPO and optical interconnect,上游,,"Will Korea’s Gigawatt-Scale AI Factories Deal Redefine NVIDIA’s (NVDA) Infrastructure Narrative? - simplywall.st / SK Group and NVIDIA Expand Strategic Partnership Across AI Factories and Next-Generation Memory - NVIDIA Newsroom / FLUX 3 Launches: Black Forest Labs Enters Video, Audio, and Physical AI in One Model - Tech Times / Windowed-MTP: Removing the Full-Context Draft-KV Tax at Million-Token Context / REFACT: Adaptive Fact Restatement for Compact and Faithful Chain-of-Thought Reasoning",20,13,15,10,10,4,2,74,already_in_pool,pending,642696e9e4c4feb6; 04aa4d78ce51c9fe; 9c6ac15f8eb85572; bb13f1911f1e170c; ce7467d37940fb4d; c1a2508bf025488c; 91a0973148b76890; edf79ff6cdee28f8; ffae9ed2d2037e08; 335f43da8a24bf7b; 4699906b9c0874d1; d100094032c0f32e,2607.21535v1; 2607.20833v1; 2607.21475v1; 2607.21447v1; 2607.21284v1; 2607.21067v1; 2607.20771v1; 2607.20723v1; 2607.19771v1; 2607.20652v1; 2607.19973v1; 2607.20653v1,314.28,0.7308,2026-07-24T01:30:00+00:00,日内位置温和；原池状态提示过热/高估值
2026-07-26,688106.SS,金宏气体,A股,online_pool,HBM memory and context storage; Physical AI and robotics; Semiconductor equipment and manufacturing; Semiconductor materials and consumables,上游,,"Image Sensor Market Overview - Market Growth Reports / Amid Surging AI Capital Expenditures, What Opportunities Emerge for Semiconductor Equipment and Components? This Salon… / Can India become the next semiconductor hub after Taiwan? - DW.com / Integrity-Gated Eco-CACC: Epistemic Admissibility for Cooperative Driving at Signalized Intersections / ThAME: 3D Memory-Enabled Heterogeneous Accelerator for LLM Mixture of Experts",16,13,12,10,10,8,5,74,already_in_pool,pending,ffae9ed2d2037e08; 04d94c4f82f7472a; a5f94cc19d2d3485; 8c9597a5cb9dcb14; 6bffd025a34e49e2; a648a7c117c3de21; 1e477f8121d35fc7; 0b4159988aa0f0a9; aa55e0ca0abc8763,2607.18565v1; 2607.17074v1,30.1,1.2105,2026-07-24T01:30:00+00:00,日内位置温和
2026-07-26,688256.SS,寒武纪,A股,online_pool,AI data center power and cooling; AI inference serving and networking; CPO and optical interconnect; HBM memory and context storage,上游,,"Will Korea’s Gigawatt-Scale AI Factories Deal Redefine NVIDIA’s (NVDA) Infrastructure Narrative? - simplywall.st / SK Group and NVIDIA Expand Strategic Partnership Across AI Factories and Next-Generation Memory - NVIDIA Newsroom / FLUX 3 Launches: Black Forest Labs Enters Video, Audio, and Physical AI in One Model - Tech Times / Windowed-MTP: Removing the Full-Context Draft-KV Tax at Million-Token Context / REFACT: Adaptive Fact Restatement for Compact and Faithful Chain-of-Thought Reasoning",20,13,15,10,10,4,2,74,already_in_pool,pending,642696e9e4c4feb6; 04aa4d78ce51c9fe; 9c6ac15f8eb85572; bb13f1911f1e170c; ffae9ed2d2037e08; 335f43da8a24bf7b; 4699906b9c0874d1; d100094032c0f32e; e081f9e9b8835715; 4fb87a44cf433e4c; fb60f82e3d6dccb9; 87a7c56a7b3bfa14,2607.21535v1; 2607.20833v1; 2607.21475v1; 2607.21447v1; 2607.21284v1; 2607.21067v1; 2607.20771v1; 2607.20723v1; 2607.19771v1; 2607.20652v1; 2607.19973v1; 2607.20653v1,1225.0,-1.9215,2026-07-24T01:30:00+00:00,日内位置温和；原池状态提示过热/高估值
2026-07-26,MU,Micron Technology,美股,online_pool,AI PCB and advanced packaging; AI data center power and cooling; AI inference serving and networking; CPO and optical interconnect,上游,MU,Beyond HBM: Samsung Targets the Next AI Battleground with Advanced Packaging and CPO - semivision / Beyond HBM: Samsung Targets the Next AI Battleground with Advanced Packaging and CPO - semivision / From HBM to Cold Storage: Storage's Big Six at a Crossroads – What Will Drive the Next Bull Run? - odaily.news / Windowed-MTP: Removing the Full-Context Draft-KV Tax at Million-Token Context / REFACT: Adaptive Fact Restatement for Compact and Faithful Chain-of-Thought Reasoning,16,13,15,10,10,5,5,74,already_in_pool,pending,191c5917ec33b1c1; 3cb5613f5c09c0cb; e081f9e9b8835715; 4fb87a44cf433e4c; fb60f82e3d6dccb9; 4b965e63fce18258; 24b06efe30dfad15; 736fcdb89a7e1f42; 7efc4d9fc21f8355; 31366d3c50fb6513; e4a1e936e64defea; 9c6fd888ca80466d,2607.21535v1; 2607.20833v1; 2607.21475v1; 2607.21447v1; 2607.21284v1; 2607.21067v1; 2607.19345v1; 2607.18213v1; 2607.17715v1; 2607.17598v1; 2607.17074v1; 2607.17283v1,920.95,-6.9945,2026-07-24T13:30:00+00:00,短线偏弱，可观察是否回撤提供更好位置
2026-07-26,Q,Qnity Electronics,美股,online_pool,AI PCB and advanced packaging; HBM memory and context storage; Physical AI and robotics; Rack-scale AI factory,上游,Q,Technology Announces Strategic Partnership with NVIDIA to Expand Advanced Packaging and Test for Next-Generation AI Inf… / Global Chip Race Fractures Into Four Strategies: US Packaging Gap Remains After $265B Bet - Tech Times / NVIDIA backs Amkor with $1.5bn to expand AI packaging in the US ... - eeNews Europe / Integrity-Gated Eco-CACC: Epistemic Admissibility for Cooperative Driving at Signalized Intersections / ThAME: 3D Memory-Enabled Heterogeneous Accelerator for LLM Mixture of Experts,16,13,12,10,10,8,5,74,already_in_pool,pending,6a876e8517ebf59b; ce7467d37940fb4d; c1a2508bf025488c; 91a0973148b76890; edf79ff6cdee28f8; ffae9ed2d2037e08; 04d94c4f82f7472a; bfc045e37a0e2186; a5f94cc19d2d3485; 8c9597a5cb9dcb14; acea6db16d170c79; 7aa42ee8311fcda1,2607.18565v1; 2607.17074v1,135.06,-2.5963,2026-07-24T13:30:00+00:00,日内位置温和
2026-07-26,STX,Seagate Technology,美股,online_pool,AI PCB and advanced packaging; AI data center power and cooling; AI inference serving and networking; CPO and optical interconnect,上游,STX,Beyond HBM: Samsung Targets the Next AI Battleground with Advanced Packaging and CPO - semivision / Beyond HBM: Samsung Targets the Next AI Battleground with Advanced Packaging and CPO - semivision / From HBM to Cold Storage: Storage's Big Six at a Crossroads – What Will Drive the Next Bull Run? - odaily.news / Windowed-MTP: Removing the Full-Context Draft-KV Tax at Million-Token Context / REFACT: Adaptive Fact Restatement for Compact and Faithful Chain-of-Thought Reasoning,16,13,15,10,10,5,5,74,already_in_pool,pending,191c5917ec33b1c1; 3cb5613f5c09c0cb; e081f9e9b8835715; 4fb87a44cf433e4c; fb60f82e3d6dccb9; 4b965e63fce18258; 24b06efe30dfad15; 736fcdb89a7e1f42; 7efc4d9fc21f8355; 31366d3c50fb6513; e4a1e936e64defea; 9c6fd888ca80466d,2607.21535v1; 2607.20833v1; 2607.21475v1; 2607.21447v1; 2607.21284v1; 2607.21067v1; 2607.19345v1; 2607.18213v1; 2607.17715v1; 2607.17598v1; 2607.17074v1; 2607.17283v1,851.69,-6.752,2026-07-24T13:30:00+00:00,短线偏弱，可观察是否回撤提供更好位置
2026-07-26,WDC,Western Digital,美股,online_pool,AI PCB and advanced packaging; AI data center power and cooling; AI inference serving and networking; CPO and optical interconnect,上游,WDC,Beyond HBM: Samsung Targets the Next AI Battleground with Advanced Packaging and CPO - semivision / Beyond HBM: Samsung Targets the Next AI Battleground with Advanced Packaging and CPO - semivision / From HBM to Cold Storage: Storage's Big Six at a Crossroads – What Will Drive the Next Bull Run? - odaily.news / Windowed-MTP: Removing the Full-Context Draft-KV Tax at Million-Token Context / REFACT: Adaptive Fact Restatement for Compact and Faithful Chain-of-Thought Reasoning,16,13,15,10,10,5,5,74,already_in_pool,pending,191c5917ec33b1c1; 3cb5613f5c09c0cb; e081f9e9b8835715; 4fb87a44cf433e4c; fb60f82e3d6dccb9; 4b965e63fce18258; 24b06efe30dfad15; 736fcdb89a7e1f42; 7efc4d9fc21f8355; 31366d3c50fb6513; e4a1e936e64defea; 9c6fd888ca80466d,2607.21535v1; 2607.20833v1; 2607.21475v1; 2607.21447v1; 2607.21284v1; 2607.21067v1; 2607.19345v1; 2607.18213v1; 2607.17715v1; 2607.17598v1; 2607.17074v1; 2607.17283v1,519.8,-6.8959,2026-07-24T13:30:00+00:00,短线偏弱，可观察是否回撤提供更好位置
2026-07-26,ISRG,Intuitive Surgical,美股,not_in_pool,AI PCB and advanced packaging; AI data center power and cooling; AI inference serving and networking; Physical AI and robotics,上游,ISRG,"FLUX 3 Launches: Black Forest Labs Enters Video, Audio, and Physical AI in One Model - Tech Times / Image Sensor Market Overview - Market Growth Reports / VLA Still in Play, WAM Yet to Take Hold as Physical AI Remains Far from Settled - Gasgoo / Emergent Compositional Skills in Mixture-of-Experts VLAs / PhysCoRe: Physics-Corrected Residual World Models for Material-Aware Deformable Dynamics",20,8,15,10,10,8,3,74,observe,pending,9c6ac15f8eb85572; ffae9ed2d2037e08; 87a7c56a7b3bfa14; 2ca1a3d4e162e321; d4b266ceb78af9e5; e8792472ab3bda25; bdce3ee63c0cd611; fd208efa18c7b24c; 680e59606f04ddbd; 316d586babfa626b; 48ab20ee10c2b1d3; d366b2993382c284,2607.20771v1; 2607.20653v1; 2607.19876v1; 2607.19719v1; 2607.19343v1; 2607.19190v2; 2607.18709v2; 2607.18565v1; 2607.17521v2,337.5,1.6505,2026-07-24T13:30:00+00:00,不在当前股票池，需人工核实业务纯度；日内位置温和
2026-07-26,ROK,Rockwell Automation,美股,not_in_pool,AI PCB and advanced packaging; AI data center power and cooling; AI inference serving and networking; Physical AI and robotics,上游,ROK,"FLUX 3 Launches: Black Forest Labs Enters Video, Audio, and Physical AI in One Model - Tech Times / Image Sensor Market Overview - Market Growth Reports / VLA Still in Play, WAM Yet to Take Hold as Physical AI Remains Far from Settled - Gasgoo / Emergent Compositional Skills in Mixture-of-Experts VLAs / PhysCoRe: Physics-Corrected Residual World Models for Material-Aware Deformable Dynamics",20,8,15,10,10,8,3,74,observe,pending,9c6ac15f8eb85572; ffae9ed2d2037e08; 87a7c56a7b3bfa14; 2ca1a3d4e162e321; d4b266ceb78af9e5; e8792472ab3bda25; bdce3ee63c0cd611; fd208efa18c7b24c; 680e59606f04ddbd; 316d586babfa626b; 48ab20ee10c2b1d3; d366b2993382c284,2607.20771v1; 2607.20653v1; 2607.19876v1; 2607.19719v1; 2607.19343v1; 2607.19190v2; 2607.18709v2; 2607.18565v1; 2607.17521v2,462.16,0.3278,2026-07-24T13:30:00+00:00,不在当前股票池，需人工核实业务纯度；日内位置温和
2026-07-26,601138.SS,工业富联,A股,online_pool,AI PCB and advanced packaging; AI data center power and cooling; AI inference serving and networking; HBM memory and context storage,中游,,Will Korea’s Gigawatt-Scale AI Factories Deal Redefine NVIDIA’s (NVDA) Infrastructure Narrative? - simplywall.st / SK Group and NVIDIA Expand Strategic Partnership Across AI Factories and Next-Generation Memory - NVIDIA Newsroom / How liquid cooling is redefining data centre efficiency - Business Review / Masked Visual Actions for Unified World Modeling,20,13,10,10,10,5,5,73,already_in_pool,pending,642696e9e4c4feb6; 04aa4d78ce51c9fe; 27fb20ef8cd19f38; bb13f1911f1e170c; ce7467d37940fb4d; c1a2508bf025488c; 91a0973148b76890; edf79ff6cdee28f8; 5ff8d34e9125e51e; bfc045e37a0e2186; 559dab128c8262f7; b1e38a7cb7fd2a3c,2607.19343v1,60.25,-4.1826,2026-07-24T01:30:00+00:00,短线偏弱，可观察是否回撤提供更好位置
2026-07-26,002156.SZ,通富微电,A股,online_pool,AI PCB and advanced packaging; AI data center power and cooling; AI inference serving and networking; CPO and optical interconnect,上游,,Technology Announces Strategic Partnership with NVIDIA to Expand Advanced Packaging and Test for Next-Generation AI Inf… / Beyond HBM: Samsung Targets the Next AI Battleground with Advanced Packaging and CPO - semivision / Beyond HBM: Samsung Targets the Next AI Battleground with Advanced Packaging and CPO - semivision / Windowed-MTP: Removing the Full-Context Draft-KV Tax at Million-Token Context / REFACT: Adaptive Fact Restatement for Compact and Faithful Chain-of-Thought Reasoning,16,13,15,10,10,3,5,72,already_in_pool,pending,6a876e8517ebf59b; 191c5917ec33b1c1; 3cb5613f5c09c0cb; bb13f1911f1e170c; ce7467d37940fb4d; c1a2508bf025488c; 91a0973148b76890; edf79ff6cdee28f8; 04d94c4f82f7472a; d100094032c0f32e; e081f9e9b8835715; 4fb87a44cf433e4c,2607.21535v1; 2607.20833v1; 2607.21475v1; 2607.21447v1; 2607.21284v1; 2607.21067v1; 2607.20771v1; 2607.20723v1; 2607.19771v1; 2607.20652v1; 2607.19973v1; 2607.19343v1,76.64,9.768,2026-07-24T01:30:00+00:00,日内过热，优先观察不追
2026-07-26,NBIS,Nebius Group,美股,online_pool,AI inference serving and networking; CPO and optical interconnect; HBM memory and context storage; Physical AI and robotics,中游,NBIS,VAST Data Expands Collaboration with AMD to Advance AI Infrastructure for the Inference Era - Carroll County Mirror-Dem… / AMD Challenges NVIDIA's Full-Stack Barriers: Complete Insight into AMD AAI 2026 - 36 Kr / Tensormesh and AMD Collaborate to Empower Fewer GPUs to Serve More Models - Yahoo Finance / Windowed-MTP: Removing the Full-Context Draft-KV Tax at Million-Token Context / Emergent Compositional Skills in Mixture-of-Experts VLAs,16,13,15,10,10,3,5,72,already_in_pool,pending,bb13f1911f1e170c; d100094032c0f32e; a3e8a65a3a8d17f3; cca67a7eb7b36c4f; adea3035d769539d; f74183ce00a6766c; 24b06efe30dfad15; 933b0b2e7fce3908; 680e59606f04ddbd; 3cb1edf87254bfe7; fa0f3103936464e0; 39756799b32b32ff,2607.21535v1; 2607.20771v1; 2607.20723v1; 2607.19771v1; 2607.20652v1; 2607.19973v1; 2607.19438v1; 2607.18722v2; 2607.19223v1; 2607.19058v1; 2607.17283v1; 2607.17299v1,187.77,-15.0247,2026-07-24T13:30:00+00:00,单日大跌，需要确认是否基本面破坏
2026-07-26,SNDK,Sandisk,美股,online_pool,AI PCB and advanced packaging; AI data center power and cooling; AI inference serving and networking; CPO and optical interconnect,上游,SNDK,Beyond HBM: Samsung Targets the Next AI Battleground with Advanced Packaging and CPO - semivision / Beyond HBM: Samsung Targets the Next AI Battleground with Advanced Packaging and CPO - semivision / From HBM to Cold Storage: Storage's Big Six at a Crossroads – What Will Drive the Next Bull Run? - odaily.news / Windowed-MTP: Removing the Full-Context Draft-KV Tax at Million-Token Context / REFACT: Adaptive Fact Restatement for Compact and Faithful Chain-of-Thought Reasoning,16,13,15,10,10,3,5,72,already_in_pool,pending,191c5917ec33b1c1; 3cb5613f5c09c0cb; e081f9e9b8835715; 4fb87a44cf433e4c; fb60f82e3d6dccb9; 4b965e63fce18258; 24b06efe30dfad15; 736fcdb89a7e1f42; 7efc4d9fc21f8355; 31366d3c50fb6513; e4a1e936e64defea; 9c6fd888ca80466d,2607.21535v1; 2607.20833v1; 2607.21475v1; 2607.21447v1; 2607.21284v1; 2607.21067v1; 2607.19345v1; 2607.18213v1; 2607.17715v1; 2607.17598v1; 2607.17074v1; 2607.17283v1,1436.5601,-10.7909,2026-07-24T13:30:00+00:00,单日大跌，需要确认是否基本面破坏
2026-07-26,AMAT,Applied Materials,美股,online_pool,AI PCB and advanced packaging; CPO and optical interconnect; HBM memory and context storage; Physical AI and robotics,上游,AMAT,Technology Announces Strategic Partnership with NVIDIA to Expand Advanced Packaging and Test for Next-Generation AI Inf… / Beyond HBM: Samsung Targets the Next AI Battleground with Advanced Packaging and CPO - semivision / Beyond HBM: Samsung Targets the Next AI Battleground with Advanced Packaging and CPO - semivision / Integrity-Gated Eco-CACC: Epistemic Admissibility for Cooperative Driving at Signalized Intersections / ThAME: 3D Memory-Enabled Heterogeneous Accelerator for LLM Mixture of Experts,16,13,12,10,10,5,5,71,already_in_pool,pending,6a876e8517ebf59b; 191c5917ec33b1c1; 3cb5613f5c09c0cb; ce7467d37940fb4d; c1a2508bf025488c; 91a0973148b76890; edf79ff6cdee28f8; ffae9ed2d2037e08; 04d94c4f82f7472a; bfc045e37a0e2186; a5f94cc19d2d3485; 8c9597a5cb9dcb14,2607.18565v1; 2607.17074v1,536.25,-4.7175,2026-07-24T13:30:00+00:00,短线偏弱，可观察是否回撤提供更好位置
2026-07-26,ENTG,Entegris,美股,online_pool,AI PCB and advanced packaging; HBM memory and context storage; Physical AI and robotics; Rack-scale AI factory,上游,ENTG,Technology Announces Strategic Partnership with NVIDIA to Expand Advanced Packaging and Test for Next-Generation AI Inf… / Global Chip Race Fractures Into Four Strategies: US Packaging Gap Remains After $265B Bet - Tech Times / NVIDIA backs Amkor with $1.5bn to expand AI packaging in the US ... - eeNews Europe / Integrity-Gated Eco-CACC: Epistemic Admissibility for Cooperative Driving at Signalized Intersections / ThAME: 3D Memory-Enabled Heterogeneous Accelerator for LLM Mixture of Experts,16,13,12,10,10,5,5,71,already_in_pool,pending,6a876e8517ebf59b; ce7467d37940fb4d; c1a2508bf025488c; 91a0973148b76890; edf79ff6cdee28f8; ffae9ed2d2037e08; 04d94c4f82f7472a; bfc045e37a0e2186; a5f94cc19d2d3485; 8c9597a5cb9dcb14; acea6db16d170c79; 7aa42ee8311fcda1,2607.18565v1; 2607.17074v1,129.15,-4.5455,2026-07-24T13:30:00+00:00,短线偏弱，可观察是否回撤提供更好位置
2026-07-26,LRCX,Lam Research,美股,online_pool,AI PCB and advanced packaging; CPO and optical interconnect; HBM memory and context storage; Physical AI and robotics,上游,LRCX,Technology Announces Strategic Partnership with NVIDIA to Expand Advanced Packaging and Test for Next-Generation AI Inf… / Beyond HBM: Samsung Targets the Next AI Battleground with Advanced Packaging and CPO - semivision / Beyond HBM: Samsung Targets the Next AI Battleground with Advanced Packaging and CPO - semivision / Integrity-Gated Eco-CACC: Epistemic Admissibility for Cooperative Driving at Signalized Intersections / ThAME: 3D Memory-Enabled Heterogeneous Accelerator for LLM Mixture of Experts,16,13,12,10,10,5,5,71,already_in_pool,pending,6a876e8517ebf59b; 191c5917ec33b1c1; 3cb5613f5c09c0cb; ce7467d37940fb4d; c1a2508bf025488c; 91a0973148b76890; edf79ff6cdee28f8; ffae9ed2d2037e08; 04d94c4f82f7472a; bfc045e37a0e2186; a5f94cc19d2d3485; 8c9597a5cb9dcb14,2607.18565v1; 2607.17074v1,305.21,-4.5563,2026-07-24T13:30:00+00:00,短线偏弱，可观察是否回撤提供更好位置
2026-07-26,TER,Teradyne,美股,not_in_pool,AI PCB and advanced packaging; AI data center power and cooling; AI inference serving and networking; Physical AI and robotics,上游,TER,"FLUX 3 Launches: Black Forest Labs Enters Video, Audio, and Physical AI in One Model - Tech Times / Image Sensor Market Overview - Market Growth Reports / VLA Still in Play, WAM Yet to Take Hold as Physical AI Remains Far from Settled - Gasgoo / Emergent Compositional Skills in Mixture-of-Experts VLAs / PhysCoRe: Physics-Corrected Residual World Models for Material-Aware Deformable Dynamics",20,8,15,10,10,5,3,71,observe,pending,9c6ac15f8eb85572; ffae9ed2d2037e08; 87a7c56a7b3bfa14; bfc045e37a0e2186; 2ca1a3d4e162e321; d4b266ceb78af9e5; e8792472ab3bda25; bdce3ee63c0cd611; fd208efa18c7b24c; 680e59606f04ddbd; 316d586babfa626b; 48ab20ee10c2b1d3,2607.20771v1; 2607.20653v1; 2607.19876v1; 2607.19719v1; 2607.19343v1; 2607.19190v2; 2607.18709v2; 2607.18565v1; 2607.17521v2,349.92,-6.3759,2026-07-24T13:30:00+00:00,不在当前股票池，需人工核实业务纯度；短线偏弱，可观察是否回撤提供更好位置
2026-07-26,002371.SZ,北方华创,A股,online_pool,AI PCB and advanced packaging; CPO and optical interconnect; HBM memory and context storage; Physical AI and robotics,上游,,Technology Announces Strategic Partnership with NVIDIA to Expand Advanced Packaging and Test for Next-Generation AI Inf… / Beyond HBM: Samsung Targets the Next AI Battleground with Advanced Packaging and CPO - semivision / Beyond HBM: Samsung Targets the Next AI Battleground with Advanced Packaging and CPO - semivision / Masked Visual Actions for Unified World Modeling / Integrity-Gated Eco-CACC: Epistemic Admissibility for Cooperative Driving at Signalized Intersections,16,13,15,10,10,4,2,70,already_in_pool,pending,6a876e8517ebf59b; 191c5917ec33b1c1; 3cb5613f5c09c0cb; ce7467d37940fb4d; c1a2508bf025488c; 91a0973148b76890; edf79ff6cdee28f8; 04d94c4f82f7472a; 98f541570aa4b632; 7aa42ee8311fcda1; 6bffd025a34e49e2; 5daec49e78ef37c1,2607.19343v1; 2607.18565v1; 2607.17598v1; 2607.17074v1,757.0,2.2973,2026-07-24T01:30:00+00:00,日内位置温和；原池状态提示过热/高估值
2026-07-26,002409.SZ,雅克科技,A股,online_pool,AI PCB and advanced packaging; AI data center power and cooling; AI inference serving and networking; CPO and optical interconnect,上游,,Technology Announces Strategic Partnership with NVIDIA to Expand Advanced Packaging and Test for Next-Generation AI Inf… / Beyond HBM: Samsung Targets the Next AI Battleground with Advanced Packaging and CPO - semivision / Beyond HBM: Samsung Targets the Next AI Battleground with Advanced Packaging and CPO - semivision / Windowed-MTP: Removing the Full-Context Draft-KV Tax at Million-Token Context / REFACT: Adaptive Fact Restatement for Compact and Faithful Chain-of-Thought Reasoning,16,13,15,10,10,4,2,70,already_in_pool,pending,6a876e8517ebf59b; 191c5917ec33b1c1; 3cb5613f5c09c0cb; ce7467d37940fb4d; c1a2508bf025488c; 91a0973148b76890; edf79ff6cdee28f8; ffae9ed2d2037e08; 04d94c4f82f7472a; e081f9e9b8835715; 4fb87a44cf433e4c; fb60f82e3d6dccb9,2607.21535v1; 2607.20833v1; 2607.21475v1; 2607.21447v1; 2607.21284v1; 2607.21067v1; 2607.19343v1; 2607.19345v1; 2607.18565v1; 2607.18213v1; 2607.17715v1; 2607.17598v1,153.95,3.2736,2026-07-24T01:30:00+00:00,日内位置温和；原池状态提示过热/高估值
2026-07-26,300346.SZ,南大光电,A股,online_pool,AI PCB and advanced packaging; CPO and optical interconnect; HBM memory and context storage; Physical AI and robotics,上游,,Technology Announces Strategic Partnership with NVIDIA to Expand Advanced Packaging and Test for Next-Generation AI Inf… / Beyond HBM: Samsung Targets the Next AI Battleground with Advanced Packaging and CPO - semivision / Beyond HBM: Samsung Targets the Next AI Battleground with Advanced Packaging and CPO - semivision / Masked Visual Actions for Unified World Modeling / Integrity-Gated Eco-CACC: Epistemic Admissibility for Cooperative Driving at Signalized Intersections,16,13,15,10,10,4,2,70,already_in_pool,pending,6a876e8517ebf59b; 191c5917ec33b1c1; 3cb5613f5c09c0cb; ce7467d37940fb4d; c1a2508bf025488c; 91a0973148b76890; edf79ff6cdee28f8; ffae9ed2d2037e08; 04d94c4f82f7472a; bfc045e37a0e2186; a5f94cc19d2d3485; 8c9597a5cb9dcb14,2607.19343v1; 2607.18565v1; 2607.17598v1; 2607.17074v1,53.6,-0.4827,2026-07-24T01:30:00+00:00,日内位置温和；原池状态提示过热/高估值
2026-07-26,300604.SZ,长川科技,A股,online_pool,AI PCB and advanced packaging; AI data center power and cooling; AI inference serving and networking; CPO and optical interconnect,上游,,Technology Announces Strategic Partnership with NVIDIA to Expand Advanced Packaging and Test for Next-Generation AI Inf… / Global Chip Race Fractures Into Four Strategies: US Packaging Gap Remains After $265B Bet - Tech Times / NVIDIA backs Amkor with $1.5bn to expand AI packaging in the US ... - eeNews Europe / Windowed-MTP: Removing the Full-Context Draft-KV Tax at Million-Token Context / REFACT: Adaptive Fact Restatement for Compact and Faithful Chain-of-Thought Reasoning,16,13,15,10,10,4,2,70,already_in_pool,pending,6a876e8517ebf59b; ce7467d37940fb4d; c1a2508bf025488c; 91a0973148b76890; edf79ff6cdee28f8; 04d94c4f82f7472a; e081f9e9b8835715; 4fb87a44cf433e4c; fb60f82e3d6dccb9; 4b965e63fce18258; 24b06efe30dfad15; 736fcdb89a7e1f42,2607.21535v1; 2607.20833v1; 2607.21475v1; 2607.21447v1; 2607.21284v1; 2607.21067v1; 2607.19343v1; 2607.19345v1; 2607.18565v1; 2607.18213v1; 2607.17715v1; 2607.17598v1,303.5,4.2096,2026-07-24T01:30:00+00:00,日内较强，注意追高；原池状态提示过热/高估值
2026-07-26,300666.SZ,江丰电子,A股,online_pool,AI PCB and advanced packaging; CPO and optical interconnect; HBM memory and context storage; Physical AI and robotics,上游,,Technology Announces Strategic Partnership with NVIDIA to Expand Advanced Packaging and Test for Next-Generation AI Inf… / Global Chip Race Fractures Into Four Strategies: US Packaging Gap Remains After $265B Bet - Tech Times / NVIDIA backs Amkor with $1.5bn to expand AI packaging in the US ... - eeNews Europe / Masked Visual Actions for Unified World Modeling / Integrity-Gated Eco-CACC: Epistemic Admissibility for Cooperative Driving at Signalized Intersections,16,13,15,10,10,4,2,70,already_in_pool,pending,6a876e8517ebf59b; ce7467d37940fb4d; c1a2508bf025488c; 91a0973148b76890; edf79ff6cdee28f8; ffae9ed2d2037e08; 04d94c4f82f7472a; bfc045e37a0e2186; a5f94cc19d2d3485; 8c9597a5cb9dcb14; 98f541570aa4b632; acea6db16d170c79,2607.19343v1; 2607.18565v1; 2607.17598v1; 2607.17074v1,229.47,0.7375,2026-07-24T01:30:00+00:00,日内位置温和；原池状态提示过热/高估值
2026-07-26,600183.SS,生益科技,A股,online_pool,AI PCB and advanced packaging; AI data center power and cooling; AI inference serving and networking; CPO and optical interconnect,上游,,Technology Announces Strategic Partnership with NVIDIA to Expand Advanced Packaging and Test for Next-Generation AI Inf… / Will Korea’s Gigawatt-Scale AI Factories Deal Redefine NVIDIA’s (NVDA) Infrastructure Narrative? - simplywall.st / SK Group and NVIDIA Expand Strategic Partnership Across AI Factories and Next-Generation Memory - NVIDIA Newsroom / Masked Visual Actions for Unified World Modeling / Is Progressive Disclosure All You Need for Long-Context Agents?,20,13,11,10,10,4,2,70,already_in_pool,pending,6a876e8517ebf59b; 642696e9e4c4feb6; 04aa4d78ce51c9fe; 27fb20ef8cd19f38; 191c5917ec33b1c1; 3cb5613f5c09c0cb; bb13f1911f1e170c; ce7467d37940fb4d; c1a2508bf025488c; 91a0973148b76890; edf79ff6cdee28f8; 5ff8d34e9125e51e,2607.19343v1; 2607.17598v1,118.71,-5.1079,2026-07-24T01:30:00+00:00,短线偏弱，可观察是否回撤提供更好位置；原池状态提示过热/高估值
2026-07-26,600206.SS,有研新材,A股,online_pool,AI PCB and advanced packaging; CPO and optical interconnect; HBM memory and context storage; Physical AI and robotics,上游,,"Global Chip Race Fractures Into Four Strategies: US Packaging Gap Remains After $265B Bet - Tech Times / NVIDIA backs Amkor with $1.5bn to expand AI packaging in the US ... - eeNews Europe / Nvidia, Amkor Sign $1.5 Billion U.S. Chip Packaging Deal - TradingView / Masked Visual Actions for Unified World Modeling / Integrity-Gated Eco-CACC: Epistemic Admissibility for Cooperative Driving at Signalized Intersections",16,13,15,10,10,4,2,70,already_in_pool,pending,ce7467d37940fb4d; c1a2508bf025488c; 91a0973148b76890; edf79ff6cdee28f8; ffae9ed2d2037e08; 04d94c4f82f7472a; bfc045e37a0e2186; a5f94cc19d2d3485; 8c9597a5cb9dcb14; 98f541570aa4b632; acea6db16d170c79; 7aa42ee8311fcda1,2607.19343v1; 2607.18565v1; 2607.17598v1; 2607.17074v1,44.0,5.8456,2026-07-24T01:30:00+00:00,日内较强，注意追高；原池状态提示过热/高估值
2026-07-26,688300.SS,联瑞新材,A股,online_pool,AI PCB and advanced packaging; AI inference serving and networking; CPO and optical interconnect; HBM memory and context storage,上游,,Technology Announces Strategic Partnership with NVIDIA to Expand Advanced Packaging and Test for Next-Generation AI Inf… / Beyond HBM: Samsung Targets the Next AI Battleground with Advanced Packaging and CPO - semivision / Beyond HBM: Samsung Targets the Next AI Battleground with Advanced Packaging and CPO - semivision / Windowed-MTP: Removing the Full-Context Draft-KV Tax at Million-Token Context / REFACT: Adaptive Fact Restatement for Compact and Faithful Chain-of-Thought Reasoning,16,13,15,10,10,4,2,70,already_in_pool,pending,6a876e8517ebf59b; 191c5917ec33b1c1; 3cb5613f5c09c0cb; ce7467d37940fb4d; c1a2508bf025488c; 91a0973148b76890; edf79ff6cdee28f8; ffae9ed2d2037e08; 04d94c4f82f7472a; e081f9e9b8835715; 4fb87a44cf433e4c; fb60f82e3d6dccb9,2607.21535v1; 2607.20833v1; 2607.21475v1; 2607.21447v1; 2607.21284v1; 2607.21067v1; 2607.19343v1; 2607.19345v1; 2607.18565v1; 2607.18213v1; 2607.17715v1; 2607.17598v1,123.5,-3.046,2026-07-24T01:30:00+00:00,日内位置温和；原池状态提示过热/高估值
2026-07-26,688525.SS,佰维存储,A股,online_pool,AI inference serving and networking; HBM memory and context storage,上游,,From HBM to Cold Storage: Storage's Big Six at a Crossroads – What Will Drive the Next Bull Run? - odaily.news / AI Chip Imports Eclipse PC and Phone Shipments as Memory Shortage Squeezes Consumers - Tech Times / AMD AAI 2026: AMD Launches AMD Helios Rackscale Solution for Frontier AI - StorageNewsletter / Windowed-MTP: Removing the Full-Context Draft-KV Tax at Million-Token Context / REFACT: Adaptive Fact Restatement for Compact and Faithful Chain-of-Thought Reasoning,16,13,15,10,10,4,2,70,already_in_pool,pending,e081f9e9b8835715; 4fb87a44cf433e4c; fb60f82e3d6dccb9; 4b965e63fce18258; 24b06efe30dfad15; 736fcdb89a7e1f42; 7efc4d9fc21f8355; 31366d3c50fb6513; e4a1e936e64defea; 9c6fd888ca80466d; 933b0b2e7fce3908; 397fa9bf9b6c53f9,2607.21535v1; 2607.20833v1; 2607.21475v1; 2607.21447v1; 2607.21284v1; 2607.21067v1; 2607.19345v1; 2607.18213v1; 2607.17715v1; 2607.17283v1,236.38,-5.6028,2026-07-24T01:30:00+00:00,短线偏弱，可观察是否回撤提供更好位置；原池状态提示过热/高估值
2026-07-26,AMD,Advanced Micro Devices,美股,not_in_pool,AI PCB and advanced packaging; AI data center power and cooling; AI inference serving and networking; CPO and optical interconnect,上游,AMD,Beyond HBM: Samsung Targets the Next AI Battleground with Advanced Packaging and CPO - semivision / Beyond HBM: Samsung Targets the Next AI Battleground with Advanced Packaging and CPO - semivision / VAST Data Expands Collaboration with AMD to Advance AI Infrastructure for the Inference Era - Carroll County Mirror-Dem… / Windowed-MTP: Removing the Full-Context Draft-KV Tax at Million-Token Context / REFACT: Adaptive Fact Restatement for Compact and Faithful Chain-of-Thought Reasoning,16,8,15,10,10,8,3,70,observe,pending,191c5917ec33b1c1; 3cb5613f5c09c0cb; bb13f1911f1e170c; d100094032c0f32e; e081f9e9b8835715; 4fb87a44cf433e4c; fb60f82e3d6dccb9; a3e8a65a3a8d17f3; cca67a7eb7b36c4f; adea3035d769539d; f74183ce00a6766c; 4b965e63fce18258,2607.21535v1; 2607.20833v1; 2607.21475v1; 2607.21447v1; 2607.21284v1; 2607.21067v1; 2607.20771v1; 2607.20723v1; 2607.19771v1; 2607.20652v1; 2607.19973v1; 2607.19438v1,521.95,-3.2871,2026-07-24T13:30:00+00:00,不在当前股票池，需人工核实业务纯度；日内位置温和
2026-07-26,NTAP,NetApp,美股,not_in_pool,AI PCB and advanced packaging; AI data center power and cooling; AI inference serving and networking; CPO and optical interconnect,上游,NTAP,Beyond HBM: Samsung Targets the Next AI Battleground with Advanced Packaging and CPO - semivision / Beyond HBM: Samsung Targets the Next AI Battleground with Advanced Packaging and CPO - semivision / From HBM to Cold Storage: Storage's Big Six at a Crossroads – What Will Drive the Next Bull Run? - odaily.news / Windowed-MTP: Removing the Full-Context Draft-KV Tax at Million-Token Context / REFACT: Adaptive Fact Restatement for Compact and Faithful Chain-of-Thought Reasoning,16,8,15,10,10,8,3,70,observe,pending,191c5917ec33b1c1; 3cb5613f5c09c0cb; e081f9e9b8835715; 4fb87a44cf433e4c; fb60f82e3d6dccb9; 4b965e63fce18258; 24b06efe30dfad15; 736fcdb89a7e1f42; 7efc4d9fc21f8355; 31366d3c50fb6513; e4a1e936e64defea; 9c6fd888ca80466d,2607.21535v1; 2607.20833v1; 2607.21475v1; 2607.21447v1; 2607.21284v1; 2607.21067v1; 2607.19345v1; 2607.18213v1; 2607.17715v1; 2607.17598v1; 2607.17074v1; 2607.17283v1,167.74,1.8829,2026-07-24T13:30:00+00:00,不在当前股票池，需人工核实业务纯度；日内位置温和
2026-07-26,001309.SZ,德明利,A股,online_pool,AI PCB and advanced packaging; AI data center power and cooling; AI inference serving and networking; CPO and optical interconnect,上游,,Beyond HBM: Samsung Targets the Next AI Battleground with Advanced Packaging and CPO - semivision / Beyond HBM: Samsung Targets the Next AI Battleground with Advanced Packaging and CPO - semivision / From HBM to Cold Storage: Storage's Big Six at a Crossroads – What Will Drive the Next Bull Run? - odaily.news / Windowed-MTP: Removing the Full-Context Draft-KV Tax at Million-Token Context / REFACT: Adaptive Fact Restatement for Compact and Faithful Chain-of-Thought Reasoning,16,13,15,10,10,3,2,69,already_in_pool,pending,191c5917ec33b1c1; 3cb5613f5c09c0cb; e081f9e9b8835715; 4fb87a44cf433e4c; fb60f82e3d6dccb9; 4b965e63fce18258; 24b06efe30dfad15; 736fcdb89a7e1f42; 7efc4d9fc21f8355; 31366d3c50fb6513; e4a1e936e64defea; 9c6fd888ca80466d,2607.21535v1; 2607.20833v1; 2607.21475v1; 2607.21447v1; 2607.21284v1; 2607.21067v1; 2607.19345v1; 2607.18213v1; 2607.17715v1; 2607.17598v1; 2607.17074v1; 2607.17283v1,399.89,-8.0713,2026-07-24T01:30:00+00:00,单日大跌，需要确认是否基本面破坏；原池状态提示过热/高估值
2026-07-26,688120.SS,华海清科,A股,online_pool,AI PCB and advanced packaging; HBM memory and context storage; Physical AI and robotics; Rack-scale AI factory,上游,,Technology Announces Strategic Partnership with NVIDIA to Expand Advanced Packaging and Test for Next-Generation AI Inf… / Global Chip Race Fractures Into Four Strategies: US Packaging Gap Remains After $265B Bet - Tech Times / NVIDIA backs Amkor with $1.5bn to expand AI packaging in the US ... - eeNews Europe / Integrity-Gated Eco-CACC: Epistemic Admissibility for Cooperative Driving at Signalized Intersections / ThAME: 3D Memory-Enabled Heterogeneous Accelerator for LLM Mixture of Experts,16,13,12,10,10,4,2,67,already_in_pool,pending,6a876e8517ebf59b; ce7467d37940fb4d; c1a2508bf025488c; 91a0973148b76890; edf79ff6cdee28f8; ffae9ed2d2037e08; 04d94c4f82f7472a; bfc045e37a0e2186; a5f94cc19d2d3485; 8c9597a5cb9dcb14; acea6db16d170c79; 7aa42ee8311fcda1,2607.18565v1; 2607.17074v1,263.9,2.0692,2026-07-24T01:30:00+00:00,日内位置温和；原池状态提示过热/高估值
2026-07-26,688268.SS,华特气体,A股,online_pool,HBM memory and context storage; Physical AI and robotics; Semiconductor equipment and manufacturing; Semiconductor materials and consumables,上游,,"Image Sensor Market Overview - Market Growth Reports / Amid Surging AI Capital Expenditures, What Opportunities Emerge for Semiconductor Equipment and Components? This Salon… / Can India become the next semiconductor hub after Taiwan? - DW.com / Integrity-Gated Eco-CACC: Epistemic Admissibility for Cooperative Driving at Signalized Intersections / ThAME: 3D Memory-Enabled Heterogeneous Accelerator for LLM Mixture of Experts",16,13,12,10,10,4,2,67,already_in_pool,pending,ffae9ed2d2037e08; 04d94c4f82f7472a; a5f94cc19d2d3485; 8c9597a5cb9dcb14; 6bffd025a34e49e2; a648a7c117c3de21; 1e477f8121d35fc7; 0b4159988aa0f0a9; aa55e0ca0abc8763,2607.18565v1; 2607.17074v1,149.01,1.8802,2026-07-24T01:30:00+00:00,日内位置温和；原池状态提示过热/高估值
2026-07-26,PSTG,Pure Storage,美股,not_in_pool,AI PCB and advanced packaging; AI data center power and cooling; AI inference serving and networking; CPO and optical interconnect,上游,PSTG,Beyond HBM: Samsung Targets the Next AI Battleground with Advanced Packaging and CPO - semivision / Beyond HBM: Samsung Targets the Next AI Battleground with Advanced Packaging and CPO - semivision / From HBM to Cold Storage: Storage's Big Six at a Crossroads – What Will Drive the Next Bull Run? - odaily.news / Windowed-MTP: Removing the Full-Context Draft-KV Tax at Million-Token Context / REFACT: Adaptive Fact Restatement for Compact and Faithful Chain-of-Thought Reasoning,16,8,15,10,10,5,3,67,observe,pending,191c5917ec33b1c1; 3cb5613f5c09c0cb; e081f9e9b8835715; 4fb87a44cf433e4c; fb60f82e3d6dccb9; 4b965e63fce18258; 24b06efe30dfad15; 736fcdb89a7e1f42; 7efc4d9fc21f8355; 31366d3c50fb6513; e4a1e936e64defea; 9c6fd888ca80466d,2607.21535v1; 2607.20833v1; 2607.21475v1; 2607.21447v1; 2607.21284v1; 2607.21067v1; 2607.19345v1; 2607.18213v1; 2607.17715v1; 2607.17598v1; 2607.17074v1; 2607.17283v1,,,,不在当前股票池，需人工核实业务纯度；无线上行情，按中性处理
2026-07-26,002028.SZ,思源电气,A股,online_pool,AI PCB and advanced packaging; AI data center power and cooling; AI inference serving and networking; HBM memory and context storage,中游,,Technology Announces Strategic Partnership with NVIDIA to Expand Advanced Packaging and Test for Next-Generation AI Inf… / Will Korea’s Gigawatt-Scale AI Factories Deal Redefine NVIDIA’s (NVDA) Infrastructure Narrative? - simplywall.st / SK Group and NVIDIA Expand Strategic Partnership Across AI Factories and Next-Generation Memory - NVIDIA Newsroom,20,13,0,10,10,8,5,66,already_in_pool,pending,6a876e8517ebf59b; 642696e9e4c4feb6; 04aa4d78ce51c9fe; 27fb20ef8cd19f38; bb13f1911f1e170c; b9c2b0133fea0126; 5ff8d34e9125e51e; bfc045e37a0e2186; 559dab128c8262f7; b1e38a7cb7fd2a3c; 4f63d63b952842a9; 9c1d0682385ae190,,162.68,-1.1665,2026-07-24T01:30:00+00:00,日内位置温和
2026-07-26,002837.SZ,英维克,A股,online_pool,AI PCB and advanced packaging; AI data center power and cooling; AI inference serving and networking; HBM memory and context storage,中游,,Technology Announces Strategic Partnership with NVIDIA to Expand Advanced Packaging and Test for Next-Generation AI Inf… / Will Korea’s Gigawatt-Scale AI Factories Deal Redefine NVIDIA’s (NVDA) Infrastructure Narrative? - simplywall.st / SK Group and NVIDIA Expand Strategic Partnership Across AI Factories and Next-Generation Memory - NVIDIA Newsroom,20,13,0,10,10,8,5,66,already_in_pool,pending,6a876e8517ebf59b; 642696e9e4c4feb6; 04aa4d78ce51c9fe; 27fb20ef8cd19f38; bb13f1911f1e170c; b9c2b0133fea0126; 5ff8d34e9125e51e; bfc045e37a0e2186; 559dab128c8262f7; b1e38a7cb7fd2a3c; 4f63d63b952842a9; 9c1d0682385ae190,,58.7,-3.9437,2026-07-24T01:30:00+00:00,日内位置温和
2026-07-26,300499.SZ,高澜股份,A股,online_pool,AI PCB and advanced packaging; AI data center power and cooling; AI inference serving and networking; HBM memory and context storage,中游,,Technology Announces Strategic Partnership with NVIDIA to Expand Advanced Packaging and Test for Next-Generation AI Inf… / Will Korea’s Gigawatt-Scale AI Factories Deal Redefine NVIDIA’s (NVDA) Infrastructure Narrative? - simplywall.st / SK Group and NVIDIA Expand Strategic Partnership Across AI Factories and Next-Generation Memory - NVIDIA Newsroom,20,13,0,10,10,8,5,66,already_in_pool,pending,6a876e8517ebf59b; 642696e9e4c4feb6; 04aa4d78ce51c9fe; 27fb20ef8cd19f38; bb13f1911f1e170c; b9c2b0133fea0126; 5ff8d34e9125e51e; bfc045e37a0e2186; 559dab128c8262f7; b1e38a7cb7fd2a3c; 4f63d63b952842a9; 9c1d0682385ae190,,27.01,-2.8417,2026-07-24T01:30:00+00:00,日内位置温和
2026-07-26,301018.SZ,申菱环境,A股,online_pool,AI data center power and cooling; AI inference serving and networking; HBM memory and context storage; Physical AI and robotics,中游,,Will Korea’s Gigawatt-Scale AI Factories Deal Redefine NVIDIA’s (NVDA) Infrastructure Narrative? - simplywall.st / SK Group and NVIDIA Expand Strategic Partnership Across AI Factories and Next-Generation Memory - NVIDIA Newsroom / How liquid cooling is redefining data centre efficiency - Business Review,20,13,0,10,10,8,5,66,already_in_pool,pending,642696e9e4c4feb6; 04aa4d78ce51c9fe; 27fb20ef8cd19f38; bb13f1911f1e170c; b9c2b0133fea0126; 5ff8d34e9125e51e; bfc045e37a0e2186; 559dab128c8262f7; b1e38a7cb7fd2a3c; 4f63d63b952842a9; 9c1d0682385ae190; b94b096ae9952b7e,,85.4,-3.753,2026-07-24T01:30:00+00:00,日内位置温和
2026-07-26,688676.SS,金盘科技,A股,online_pool,AI data center power and cooling; AI inference serving and networking; Physical AI and robotics; Rack-scale AI factory,中游,,Will Korea’s Gigawatt-Scale AI Factories Deal Redefine NVIDIA’s (NVDA) Infrastructure Narrative? - simplywall.st / SK Group and NVIDIA Expand Strategic Partnership Across AI Factories and Next-Generation Memory - NVIDIA Newsroom / How liquid cooling is redefining data centre efficiency - Business Review,20,13,0,10,10,8,5,66,already_in_pool,pending,642696e9e4c4feb6; 04aa4d78ce51c9fe; 27fb20ef8cd19f38; bb13f1911f1e170c; b9c2b0133fea0126; 5ff8d34e9125e51e; 559dab128c8262f7; b1e38a7cb7fd2a3c; b94b096ae9952b7e; e02a646c06263745; 27722b50b2a6b131; 2838032cb9d9fee1,,68.21,-2.7794,2026-07-24T01:30:00+00:00,日内位置温和
2026-07-26,ETN,Eaton,美股,online_pool,AI PCB and advanced packaging; AI data center power and cooling; AI inference serving and networking; HBM memory and context storage,中游,ETN,Technology Announces Strategic Partnership with NVIDIA to Expand Advanced Packaging and Test for Next-Generation AI Inf… / Will Korea’s Gigawatt-Scale AI Factories Deal Redefine NVIDIA’s (NVDA) Infrastructure Narrative? - simplywall.st / SK Group and NVIDIA Expand Strategic Partnership Across AI Factories and Next-Generation Memory - NVIDIA Newsroom,20,13,0,10,10,8,5,66,already_in_pool,pending,6a876e8517ebf59b; 642696e9e4c4feb6; 04aa4d78ce51c9fe; 27fb20ef8cd19f38; bb13f1911f1e170c; b9c2b0133fea0126; 5ff8d34e9125e51e; bfc045e37a0e2186; 559dab128c8262f7; b1e38a7cb7fd2a3c; 4f63d63b952842a9; 9c1d0682385ae190,,404.07,-2.6642,2026-07-24T13:30:00+00:00,日内位置温和
2026-07-26,003816.SZ,中国广核,A股,online_pool,AI data center power and cooling; HBM memory and context storage; Physical AI and robotics; Rack-scale AI factory,中游,,How liquid cooling is redefining data centre efficiency - Business Review / U.S. Data Center Cooling Market Size to Reach USD 81.23 Billion by 2035 - Precedence Research / Liquid Cooling Becomes Mainstream for High-Density AI Data Centers - Indiatimes,19,13,0,10,10,8,5,65,already_in_pool,pending,27fb20ef8cd19f38; b9c2b0133fea0126; 559dab128c8262f7; b1e38a7cb7fd2a3c; 4f63d63b952842a9; b7cb1ea7c4d87199; 309541f1151325ac; 1ad887523f151a72; 74a70435bfe3698f; 0f8b0fbeda8aa322; 32d46bd3aaf0ce85; 60a4489cd6c1b993,,4.06,-2.4038,2026-07-24T01:30:00+00:00,日内位置温和
2026-07-26,601985.SS,中国核电,A股,online_pool,AI data center power and cooling; Physical AI and robotics,中游,,How liquid cooling is redefining data centre efficiency - Business Review / U.S. Data Center Cooling Market Size to Reach USD 81.23 Billion by 2035 - Precedence Research / Liquid Cooling Becomes Mainstream for High-Density AI Data Centers - Indiatimes,19,13,0,10,10,8,5,65,already_in_pool,pending,27fb20ef8cd19f38; b9c2b0133fea0126; 559dab128c8262f7; b1e38a7cb7fd2a3c; b7cb1ea7c4d87199; 309541f1151325ac; 1ad887523f151a72; 74a70435bfe3698f; 0f8b0fbeda8aa322; 32d46bd3aaf0ce85; 60a4489cd6c1b993; 32f130b57c556c36,,8.9,-2.0902,2026-07-24T01:30:00+00:00,日内位置温和
2026-07-26,CVX,Chevron,美股,online_pool,AI data center power and cooling; HBM memory and context storage; Physical AI and robotics; Rack-scale AI factory,中游,CVX,How liquid cooling is redefining data centre efficiency - Business Review / U.S. Data Center Cooling Market Size to Reach USD 81.23 Billion by 2035 - Precedence Research / Liquid Cooling Becomes Mainstream for High-Density AI Data Centers - Indiatimes,19,13,0,10,10,8,5,65,already_in_pool,pending,27fb20ef8cd19f38; b9c2b0133fea0126; 559dab128c8262f7; b1e38a7cb7fd2a3c; 4f63d63b952842a9; b7cb1ea7c4d87199; 309541f1151325ac; 1ad887523f151a72; 74a70435bfe3698f; 0f8b0fbeda8aa322; 32d46bd3aaf0ce85; 60a4489cd6c1b993,,194.79,0.1903,2026-07-24T13:30:00+00:00,日内位置温和
2026-07-26,GEV,GE Vernova,美股,online_pool,AI data center power and cooling; HBM memory and context storage; Physical AI and robotics; Rack-scale AI factory,中游,GEV,How liquid cooling is redefining data centre efficiency - Business Review / U.S. Data Center Cooling Market Size to Reach USD 81.23 Billion by 2035 - Precedence Research / Liquid Cooling Becomes Mainstream for High-Density AI Data Centers - Indiatimes,19,13,0,10,10,8,5,65,already_in_pool,pending,27fb20ef8cd19f38; b9c2b0133fea0126; 559dab128c8262f7; b1e38a7cb7fd2a3c; 4f63d63b952842a9; b7cb1ea7c4d87199; 309541f1151325ac; 1ad887523f151a72; 74a70435bfe3698f; 0f8b0fbeda8aa322; 32d46bd3aaf0ce85; 60a4489cd6c1b993,,1014.75,-1.5943,2026-07-24T13:30:00+00:00,日内位置温和
2026-07-26,LNG,Cheniere Energy,美股,online_pool,AI data center power and cooling; HBM memory and context storage; Physical AI and robotics; Rack-scale AI factory,中游,LNG,How liquid cooling is redefining data centre efficiency - Business Review / U.S. Data Center Cooling Market Size to Reach USD 81.23 Billion by 2035 - Precedence Research / Liquid Cooling Becomes Mainstream for High-Density AI Data Centers - Indiatimes,19,13,0,10,10,8,5,65,already_in_pool,pending,27fb20ef8cd19f38; b9c2b0133fea0126; 559dab128c8262f7; b1e38a7cb7fd2a3c; 4f63d63b952842a9; b7cb1ea7c4d87199; 309541f1151325ac; 1ad887523f151a72; 74a70435bfe3698f; 0f8b0fbeda8aa322; 32d46bd3aaf0ce85; 60a4489cd6c1b993,,269.72,-0.8346,2026-07-24T13:30:00+00:00,日内位置温和
2026-07-26,002851.SZ,麦格米特,A股,online_pool,AI PCB and advanced packaging; AI data center power and cooling; AI inference serving and networking; HBM memory and context storage,中游,,Technology Announces Strategic Partnership with NVIDIA to Expand Advanced Packaging and Test for Next-Generation AI Inf… / Will Korea’s Gigawatt-Scale AI Factories Deal Redefine NVIDIA’s (NVDA) Infrastructure Narrative? - simplywall.st / SK Group and NVIDIA Expand Strategic Partnership Across AI Factories and Next-Generation Memory - NVIDIA Newsroom,20,13,0,10,10,5,5,63,already_in_pool,pending,6a876e8517ebf59b; 642696e9e4c4feb6; 04aa4d78ce51c9fe; 27fb20ef8cd19f38; bb13f1911f1e170c; b9c2b0133fea0126; 5ff8d34e9125e51e; bfc045e37a0e2186; 559dab128c8262f7; b1e38a7cb7fd2a3c; 4f63d63b952842a9; 9c1d0682385ae190,,122.27,-4.3271,2026-07-24T01:30:00+00:00,短线偏弱，可观察是否回撤提供更好位置
2026-07-26,920808.BJ,曙光数创,A股,online_pool,AI data center power and cooling; AI inference serving and networking; Rack-scale AI factory,中游,,Will Korea’s Gigawatt-Scale AI Factories Deal Redefine NVIDIA’s (NVDA) Infrastructure Narrative? - simplywall.st / SK Group and NVIDIA Expand Strategic Partnership Across AI Factories and Next-Generation Memory - NVIDIA Newsroom / How liquid cooling is redefining data centre efficiency - Business Review,20,13,0,10,10,5,5,63,already_in_pool,pending,642696e9e4c4feb6; 04aa4d78ce51c9fe; 27fb20ef8cd19f38; bb13f1911f1e170c; b9c2b0133fea0126; 5ff8d34e9125e51e; 559dab128c8262f7; b1e38a7cb7fd2a3c; b94b096ae9952b7e; e02a646c06263745; 27722b50b2a6b131; 2838032cb9d9fee1,,,,,无线上行情，按中性处理
2026-07-26,VRT,Vertiv Holdings,美股,online_pool,AI PCB and advanced packaging; AI data center power and cooling; AI inference serving and networking; HBM memory and context storage,中游,VRT,Technology Announces Strategic Partnership with NVIDIA to Expand Advanced Packaging and Test for Next-Generation AI Inf… / Will Korea’s Gigawatt-Scale AI Factories Deal Redefine NVIDIA’s (NVDA) Infrastructure Narrative? - simplywall.st / SK Group and NVIDIA Expand Strategic Partnership Across AI Factories and Next-Generation Memory - NVIDIA Newsroom,20,13,0,10,10,5,5,63,already_in_pool,pending,6a876e8517ebf59b; 642696e9e4c4feb6; 04aa4d78ce51c9fe; 27fb20ef8cd19f38; bb13f1911f1e170c; b9c2b0133fea0126; 5ff8d34e9125e51e; bfc045e37a0e2186; 559dab128c8262f7; b1e38a7cb7fd2a3c; 4f63d63b952842a9; 9c1d0682385ae190,,290.36,-4.4994,2026-07-24T13:30:00+00:00,短线偏弱，可观察是否回撤提供更好位置
2026-07-26,000988.SZ,华工科技,A股,online_pool,AI PCB and advanced packaging; AI inference serving and networking; CPO and optical interconnect; HBM memory and context storage,上游,,"Beyond HBM: Samsung Targets the Next AI Battleground with Advanced Packaging and CPO - semivision / Beyond HBM: Samsung Targets the Next AI Battleground with Advanced Packaging and CPO - semivision / “x”PO Technologies Accelerate Evolution, Reshaping the Optical Interconnect Landscape for AI Data Centers - Data Center…",16,13,0,10,10,8,5,62,already_in_pool,pending,191c5917ec33b1c1; 3cb5613f5c09c0cb; 335f43da8a24bf7b; 4699906b9c0874d1; 55c9777112a4dd9d; a0d1827a4f70d3da; 76502174d7cd6fe6; fd3c36d790541ddd; 4fbcdcb0675b757d; f536ce89fd6c7df0; 98f541570aa4b632; 1d35fb2b78f2a1ee,,108.19,-3.3241,2026-07-24T01:30:00+00:00,日内位置温和
2026-07-26,002281.SZ,光迅科技,A股,online_pool,AI PCB and advanced packaging; AI inference serving and networking; CPO and optical interconnect; HBM memory and context storage,上游,,"Beyond HBM: Samsung Targets the Next AI Battleground with Advanced Packaging and CPO - semivision / Beyond HBM: Samsung Targets the Next AI Battleground with Advanced Packaging and CPO - semivision / “x”PO Technologies Accelerate Evolution, Reshaping the Optical Interconnect Landscape for AI Data Centers - Data Center…",16,13,0,10,10,8,5,62,already_in_pool,pending,191c5917ec33b1c1; 3cb5613f5c09c0cb; 335f43da8a24bf7b; 4699906b9c0874d1; 55c9777112a4dd9d; a0d1827a4f70d3da; 76502174d7cd6fe6; fd3c36d790541ddd; 4fbcdcb0675b757d; f536ce89fd6c7df0; 98f541570aa4b632; 1d35fb2b78f2a1ee,,186.8,-1.9268,2026-07-24T01:30:00+00:00,日内位置温和
2026-07-26,300308.SZ,中际旭创,A股,online_pool,AI PCB and advanced packaging; AI inference serving and networking; CPO and optical interconnect; HBM memory and context storage,上游,,"Beyond HBM: Samsung Targets the Next AI Battleground with Advanced Packaging and CPO - semivision / Beyond HBM: Samsung Targets the Next AI Battleground with Advanced Packaging and CPO - semivision / “x”PO Technologies Accelerate Evolution, Reshaping the Optical Interconnect Landscape for AI Data Centers - Data Center…",16,13,0,10,10,8,5,62,already_in_pool,pending,191c5917ec33b1c1; 3cb5613f5c09c0cb; 335f43da8a24bf7b; 4699906b9c0874d1; 55c9777112a4dd9d; a0d1827a4f70d3da; 76502174d7cd6fe6; fd3c36d790541ddd; 4fbcdcb0675b757d; f536ce89fd6c7df0; 98f541570aa4b632; 1d35fb2b78f2a1ee,,1046.51,-2.4251,2026-07-24T01:30:00+00:00,日内位置温和
2026-07-26,FLNC,Fluence Energy,美股,online_pool,AI data center power and cooling; HBM memory and context storage; Physical AI and robotics; Rack-scale AI factory,中游,FLNC,How liquid cooling is redefining data centre efficiency - Business Review / U.S. Data Center Cooling Market Size to Reach USD 81.23 Billion by 2035 - Precedence Research / Liquid Cooling Becomes Mainstream for High-Density AI Data Centers - Indiatimes,19,13,0,10,10,5,5,62,already_in_pool,pending,27fb20ef8cd19f38; b9c2b0133fea0126; 559dab128c8262f7; b1e38a7cb7fd2a3c; 4f63d63b952842a9; b7cb1ea7c4d87199; 309541f1151325ac; 1ad887523f151a72; 74a70435bfe3698f; 0f8b0fbeda8aa322; 32d46bd3aaf0ce85; 60a4489cd6c1b993,,13.44,-6.7961,2026-07-24T13:30:00+00:00,短线偏弱，可观察是否回撤提供更好位置
2026-07-26,OKLO,Oklo,美股,online_pool,AI data center power and cooling; HBM memory and context storage; Physical AI and robotics; Rack-scale AI factory,中游,OKLO,How liquid cooling is redefining data centre efficiency - Business Review / U.S. Data Center Cooling Market Size to Reach USD 81.23 Billion by 2035 - Precedence Research / Liquid Cooling Becomes Mainstream for High-Density AI Data Centers - Indiatimes,19,13,0,10,10,3,5,60,already_in_pool,pending,27fb20ef8cd19f38; b9c2b0133fea0126; 559dab128c8262f7; b1e38a7cb7fd2a3c; 4f63d63b952842a9; b7cb1ea7c4d87199; 309541f1151325ac; 1ad887523f151a72; 74a70435bfe3698f; 0f8b0fbeda8aa322; 32d46bd3aaf0ce85; 60a4489cd6c1b993,,40.25,-8.5227,2026-07-24T13:30:00+00:00,单日大跌，需要确认是否基本面破坏
2026-07-26,SMR,NuScale Power,美股,online_pool,AI data center power and cooling; HBM memory and context storage; Physical AI and robotics; Rack-scale AI factory,中游,SMR,How liquid cooling is redefining data centre efficiency - Business Review / U.S. Data Center Cooling Market Size to Reach USD 81.23 Billion by 2035 - Precedence Research / Liquid Cooling Becomes Mainstream for High-Density AI Data Centers - Indiatimes,19,13,0,10,10,3,5,60,already_in_pool,pending,27fb20ef8cd19f38; b9c2b0133fea0126; 559dab128c8262f7; b1e38a7cb7fd2a3c; 4f63d63b952842a9; b7cb1ea7c4d87199; 309541f1151325ac; 1ad887523f151a72; 74a70435bfe3698f; 0f8b0fbeda8aa322; 32d46bd3aaf0ce85; 60a4489cd6c1b993,,8.09,-8.1725,2026-07-24T13:30:00+00:00,单日大跌，需要确认是否基本面破坏
2026-07-26,300394.SZ,天孚通信,A股,online_pool,AI PCB and advanced packaging; AI inference serving and networking; CPO and optical interconnect,上游,,"“x”PO Technologies Accelerate Evolution, Reshaping the Optical Interconnect Landscape for AI Data Centers - Data Center… / Is UMC's HyperLight Partnership a Game-Changer for AI Photonics - Kavout | AI / Innolume Expands Quantum Dot Manufacturing Platform with Veeco GEN2000 MBE System - Quantum Computing Report",16,13,0,10,10,5,5,59,already_in_pool,pending,335f43da8a24bf7b; 4699906b9c0874d1; 55c9777112a4dd9d; a0d1827a4f70d3da; 76502174d7cd6fe6; fd3c36d790541ddd; 4fbcdcb0675b757d; f536ce89fd6c7df0; 98f541570aa4b632; 1d35fb2b78f2a1ee; 5bf9aee7c38229e8; 2f5963b6f5523fb8,,203.41,-4.0926,2026-07-24T01:30:00+00:00,短线偏弱，可观察是否回撤提供更好位置
2026-07-26,300502.SZ,新易盛,A股,online_pool,AI PCB and advanced packaging; AI inference serving and networking; CPO and optical interconnect; HBM memory and context storage,上游,,"Beyond HBM: Samsung Targets the Next AI Battleground with Advanced Packaging and CPO - semivision / Beyond HBM: Samsung Targets the Next AI Battleground with Advanced Packaging and CPO - semivision / “x”PO Technologies Accelerate Evolution, Reshaping the Optical Interconnect Landscape for AI Data Centers - Data Center…",16,13,0,10,10,5,5,59,already_in_pool,pending,191c5917ec33b1c1; 3cb5613f5c09c0cb; 335f43da8a24bf7b; 4699906b9c0874d1; 55c9777112a4dd9d; a0d1827a4f70d3da; 76502174d7cd6fe6; fd3c36d790541ddd; 4fbcdcb0675b757d; f536ce89fd6c7df0; 98f541570aa4b632; 1d35fb2b78f2a1ee,,476.02,-4.2791,2026-07-24T01:30:00+00:00,短线偏弱，可观察是否回撤提供更好位置
2026-07-26,300602.SZ,飞荣达,A股,online_pool,AI PCB and advanced packaging; AI data center power and cooling; AI inference serving and networking; HBM memory and context storage,上游,,Technology Announces Strategic Partnership with NVIDIA to Expand Advanced Packaging and Test for Next-Generation AI Inf… / Will Korea’s Gigawatt-Scale AI Factories Deal Redefine NVIDIA’s (NVDA) Infrastructure Narrative? - simplywall.st / SK Group and NVIDIA Expand Strategic Partnership Across AI Factories and Next-Generation Memory - NVIDIA Newsroom,20,13,0,10,10,4,2,59,already_in_pool,pending,6a876e8517ebf59b; 642696e9e4c4feb6; 04aa4d78ce51c9fe; 27fb20ef8cd19f38; bb13f1911f1e170c; b9c2b0133fea0126; 5ff8d34e9125e51e; bfc045e37a0e2186; 559dab128c8262f7; b1e38a7cb7fd2a3c; 4f63d63b952842a9; 9c1d0682385ae190,,35.38,-3.254,2026-07-24T01:30:00+00:00,日内位置温和；原池状态提示过热/高估值
2026-07-26,300990.SZ,同飞股份,A股,online_pool,AI data center power and cooling; AI inference serving and networking; HBM memory and context storage; Physical AI and robotics,中游,,Will Korea’s Gigawatt-Scale AI Factories Deal Redefine NVIDIA’s (NVDA) Infrastructure Narrative? - simplywall.st / SK Group and NVIDIA Expand Strategic Partnership Across AI Factories and Next-Generation Memory - NVIDIA Newsroom / How liquid cooling is redefining data centre efficiency - Business Review,20,13,0,10,10,4,2,59,already_in_pool,pending,642696e9e4c4feb6; 04aa4d78ce51c9fe; 27fb20ef8cd19f38; bb13f1911f1e170c; b9c2b0133fea0126; 5ff8d34e9125e51e; bfc045e37a0e2186; 559dab128c8262f7; b1e38a7cb7fd2a3c; 4f63d63b952842a9; 9c1d0682385ae190; b94b096ae9952b7e,,87.74,-3.7411,2026-07-24T01:30:00+00:00,日内位置温和；原池状态提示过热/高估值
2026-07-26,688072.SS,拓荆科技,A股,online_pool,HBM memory and context storage; Physical AI and robotics; Semiconductor equipment and manufacturing; Semiconductor materials and consumables,上游,,"Amid Surging AI Capital Expenditures, What Opportunities Emerge for Semiconductor Equipment and Components? This Salon… / Digital Semiconductors Market Growth to Accelerate by 2035 Amid AI Chip Demand Surge - News and Statistics - IndexBox / Integrity-Gated Eco-CACC: Epistemic Admissibility for Cooperative Driving at Signalized Intersections / Integrity-Gated Eco-CACC: Epistemic Admissibility for Cooperative Driving at Signalized Intersections / ThAME: 3D Memory-Enabled Heterogeneous Accelerator for LLM Mixture of Experts",14,13,12,10,4,4,2,59,already_in_pool,pending,04d94c4f82f7472a; 6bffd025a34e49e2; 0b4159988aa0f0a9; aa55e0ca0abc8763,2607.18565v1; 2607.17074v1,791.0,6.4603,2026-07-24T01:30:00+00:00,日内较强，注意追高；原池状态提示过热/高估值
2026-07-26,CIEN,Ciena,美股,online_pool,AI PCB and advanced packaging; AI inference serving and networking; CPO and optical interconnect; HBM memory and context storage,上游,CIEN,"Beyond HBM: Samsung Targets the Next AI Battleground with Advanced Packaging and CPO - semivision / Beyond HBM: Samsung Targets the Next AI Battleground with Advanced Packaging and CPO - semivision / “x”PO Technologies Accelerate Evolution, Reshaping the Optical Interconnect Landscape for AI Data Centers - Data Center…",16,13,0,10,10,5,5,59,already_in_pool,pending,191c5917ec33b1c1; 3cb5613f5c09c0cb; 335f43da8a24bf7b; 4699906b9c0874d1; 55c9777112a4dd9d; a0d1827a4f70d3da; 76502174d7cd6fe6; fd3c36d790541ddd; 4fbcdcb0675b757d; f536ce89fd6c7df0; 98f541570aa4b632; 1d35fb2b78f2a1ee,,390.96,-4.066,2026-07-24T13:30:00+00:00,短线偏弱，可观察是否回撤提供更好位置
2026-07-26,GLW,Corning,美股,online_pool,AI PCB and advanced packaging; AI inference serving and networking; CPO and optical interconnect; HBM memory and context storage,上游,GLW,"Beyond HBM: Samsung Targets the Next AI Battleground with Advanced Packaging and CPO - semivision / Beyond HBM: Samsung Targets the Next AI Battleground with Advanced Packaging and CPO - semivision / “x”PO Technologies Accelerate Evolution, Reshaping the Optical Interconnect Landscape for AI Data Centers - Data Center…",16,13,0,10,10,5,5,59,already_in_pool,pending,191c5917ec33b1c1; 3cb5613f5c09c0cb; 335f43da8a24bf7b; 4699906b9c0874d1; 55c9777112a4dd9d; a0d1827a4f70d3da; 76502174d7cd6fe6; fd3c36d790541ddd; 4fbcdcb0675b757d; f536ce89fd6c7df0; 98f541570aa4b632; 1d35fb2b78f2a1ee,,146.65,-6.0297,2026-07-24T13:30:00+00:00,短线偏弱，可观察是否回撤提供更好位置
2026-07-26,VECO,Veeco Instruments,美股,online_pool,HBM memory and context storage; Physical AI and robotics; Semiconductor equipment and manufacturing; Semiconductor materials and consumables,上游,VECO,"Amid Surging AI Capital Expenditures, What Opportunities Emerge for Semiconductor Equipment and Components? This Salon… / Integrity-Gated Eco-CACC: Epistemic Admissibility for Cooperative Driving at Signalized Intersections / ThAME: 3D Memory-Enabled Heterogeneous Accelerator for LLM Mixture of Experts / Integrity-Gated Eco-CACC: Epistemic Admissibility for Cooperative Driving at Signalized Intersections / ThAME: 3D Memory-Enabled Heterogeneous Accelerator for LLM Mixture of Experts",12,13,12,10,2,5,5,59,already_in_pool,pending,04d94c4f82f7472a; 0b4159988aa0f0a9; aa55e0ca0abc8763,2607.18565v1; 2607.17074v1,51.66,-5.3499,2026-07-24T13:30:00+00:00,短线偏弱，可观察是否回撤提供更好位置
2026-07-26,HPE,Hewlett Packard Enterprise,美股,not_in_pool,AI PCB and advanced packaging; AI data center power and cooling; AI inference serving and networking; HBM memory and context storage,上游,HPE,Technology Announces Strategic Partnership with NVIDIA to Expand Advanced Packaging and Test for Next-Generation AI Inf… / Will Korea’s Gigawatt-Scale AI Factories Deal Redefine NVIDIA’s (NVDA) Infrastructure Narrative? - simplywall.st / SK Group and NVIDIA Expand Strategic Partnership Across AI Factories and Next-Generation Memory - NVIDIA Newsroom,20,8,0,10,10,8,3,59,reject,pending,6a876e8517ebf59b; 642696e9e4c4feb6; 04aa4d78ce51c9fe; bb13f1911f1e170c; 5ff8d34e9125e51e; bfc045e37a0e2186; 4f63d63b952842a9; 9c1d0682385ae190; b94b096ae9952b7e; e02a646c06263745; 27722b50b2a6b131; 2838032cb9d9fee1,,47.69,0.105,2026-07-24T13:30:00+00:00,不在当前股票池，需人工核实业务纯度；日内位置温和
2026-07-26,KLAC,KLA,美股,not_in_pool,HBM memory and context storage; Physical AI and robotics; Semiconductor equipment and manufacturing; Semiconductor materials and consumables,上游,KLAC,"Amid Surging AI Capital Expenditures, What Opportunities Emerge for Semiconductor Equipment and Components? This Salon… / Digital Semiconductors Market Growth to Accelerate by 2035 Amid AI Chip Demand Surge - News and Statistics - IndexBox / Integrity-Gated Eco-CACC: Epistemic Admissibility for Cooperative Driving at Signalized Intersections / Integrity-Gated Eco-CACC: Epistemic Admissibility for Cooperative Driving at Signalized Intersections / ThAME: 3D Memory-Enabled Heterogeneous Accelerator for LLM Mixture of Experts",14,8,12,10,4,8,3,59,observe,pending,04d94c4f82f7472a; 6bffd025a34e49e2; 0b4159988aa0f0a9; aa55e0ca0abc8763,2607.18565v1; 2607.17074v1,210.52,-3.7535,2026-07-24T13:30:00+00:00,不在当前股票池，需人工核实业务纯度；日内位置温和
2026-07-26,SMCI,Super Micro Computer,美股,not_in_pool,AI PCB and advanced packaging; AI data center power and cooling; AI inference serving and networking; HBM memory and context storage,上游,SMCI,Technology Announces Strategic Partnership with NVIDIA to Expand Advanced Packaging and Test for Next-Generation AI Inf… / Will Korea’s Gigawatt-Scale AI Factories Deal Redefine NVIDIA’s (NVDA) Infrastructure Narrative? - simplywall.st / SK Group and NVIDIA Expand Strategic Partnership Across AI Factories and Next-Generation Memory - NVIDIA Newsroom,20,8,0,10,10,8,3,59,reject,pending,6a876e8517ebf59b; 642696e9e4c4feb6; 04aa4d78ce51c9fe; 27fb20ef8cd19f38; bb13f1911f1e170c; 5ff8d34e9125e51e; bfc045e37a0e2186; 559dab128c8262f7; b1e38a7cb7fd2a3c; 4f63d63b952842a9; 9c1d0682385ae190; b94b096ae9952b7e,,30.1,-3.5256,2026-07-24T13:30:00+00:00,不在当前股票池，需人工核实业务纯度；日内位置温和
2026-07-26,CAT,Caterpillar,美股,not_in_pool,AI data center power and cooling; HBM memory and context storage; Physical AI and robotics; Rack-scale AI factory,中游,CAT,How liquid cooling is redefining data centre efficiency - Business Review / U.S. Data Center Cooling Market Size to Reach USD 81.23 Billion by 2035 - Precedence Research / Liquid Cooling Becomes Mainstream for High-Density AI Data Centers - Indiatimes,19,8,0,10,10,8,3,58,reject,pending,27fb20ef8cd19f38; b9c2b0133fea0126; 559dab128c8262f7; b1e38a7cb7fd2a3c; 4f63d63b952842a9; b7cb1ea7c4d87199; 309541f1151325ac; 1ad887523f151a72; 74a70435bfe3698f; 0f8b0fbeda8aa322; 32d46bd3aaf0ce85; 60a4489cd6c1b993,,888.73,-0.6495,2026-07-24T13:30:00+00:00,不在当前股票池，需人工核实业务纯度；日内位置温和
2026-07-26,CEG,Constellation Energy,美股,not_in_pool,AI data center power and cooling; HBM memory and context storage; Physical AI and robotics; Rack-scale AI factory,中游,CEG,How liquid cooling is redefining data centre efficiency - Business Review / U.S. Data Center Cooling Market Size to Reach USD 81.23 Billion by 2035 - Precedence Research / Liquid Cooling Becomes Mainstream for High-Density AI Data Centers - Indiatimes,19,8,0,10,10,8,3,58,reject,pending,27fb20ef8cd19f38; b9c2b0133fea0126; 559dab128c8262f7; b1e38a7cb7fd2a3c; 4f63d63b952842a9; b7cb1ea7c4d87199; 309541f1151325ac; 1ad887523f151a72; 74a70435bfe3698f; 0f8b0fbeda8aa322; 32d46bd3aaf0ce85; 60a4489cd6c1b993,,274.35,-0.4536,2026-07-24T13:30:00+00:00,不在当前股票池，需人工核实业务纯度；日内位置温和
2026-07-26,NEE,NextEra Energy,美股,not_in_pool,AI data center power and cooling; HBM memory and context storage; Physical AI and robotics; Rack-scale AI factory,中游,NEE,How liquid cooling is redefining data centre efficiency - Business Review / U.S. Data Center Cooling Market Size to Reach USD 81.23 Billion by 2035 - Precedence Research / Liquid Cooling Becomes Mainstream for High-Density AI Data Centers - Indiatimes,19,8,0,10,10,8,3,58,reject,pending,27fb20ef8cd19f38; b9c2b0133fea0126; 559dab128c8262f7; b1e38a7cb7fd2a3c; 4f63d63b952842a9; b7cb1ea7c4d87199; 309541f1151325ac; 1ad887523f151a72; 74a70435bfe3698f; 0f8b0fbeda8aa322; 32d46bd3aaf0ce85; 60a4489cd6c1b993,,89.78,-0.0111,2026-07-24T13:30:00+00:00,不在当前股票池，需人工核实业务纯度；日内位置温和
2026-07-26,COHR,Coherent,美股,online_pool,AI PCB and advanced packaging; AI inference serving and networking; CPO and optical interconnect; HBM memory and context storage,上游,COHR,"Beyond HBM: Samsung Targets the Next AI Battleground with Advanced Packaging and CPO - semivision / Beyond HBM: Samsung Targets the Next AI Battleground with Advanced Packaging and CPO - semivision / “x”PO Technologies Accelerate Evolution, Reshaping the Optical Interconnect Landscape for AI Data Centers - Data Center…",16,13,0,10,10,3,5,57,already_in_pool,pending,191c5917ec33b1c1; 3cb5613f5c09c0cb; 335f43da8a24bf7b; 4699906b9c0874d1; 55c9777112a4dd9d; a0d1827a4f70d3da; 76502174d7cd6fe6; fd3c36d790541ddd; 4fbcdcb0675b757d; f536ce89fd6c7df0; 98f541570aa4b632; 1d35fb2b78f2a1ee,,282.39,-9.8429,2026-07-24T13:30:00+00:00,单日大跌，需要确认是否基本面破坏
2026-07-26,FN,Fabrinet,美股,online_pool,AI PCB and advanced packaging; AI inference serving and networking; CPO and optical interconnect; HBM memory and context storage,上游,FN,"Beyond HBM: Samsung Targets the Next AI Battleground with Advanced Packaging and CPO - semivision / Beyond HBM: Samsung Targets the Next AI Battleground with Advanced Packaging and CPO - semivision / “x”PO Technologies Accelerate Evolution, Reshaping the Optical Interconnect Landscape for AI Data Centers - Data Center…",16,13,0,10,10,3,5,57,already_in_pool,pending,191c5917ec33b1c1; 3cb5613f5c09c0cb; 335f43da8a24bf7b; 4699906b9c0874d1; 55c9777112a4dd9d; a0d1827a4f70d3da; 76502174d7cd6fe6; fd3c36d790541ddd; 4fbcdcb0675b757d; f536ce89fd6c7df0; 98f541570aa4b632; 1d35fb2b78f2a1ee,,476.04,-8.0525,2026-07-24T13:30:00+00:00,单日大跌，需要确认是否基本面破坏
2026-07-26,LITE,Lumentum Holdings,美股,online_pool,AI PCB and advanced packaging; AI inference serving and networking; CPO and optical interconnect; HBM memory and context storage,上游,LITE,"Beyond HBM: Samsung Targets the Next AI Battleground with Advanced Packaging and CPO - semivision / Beyond HBM: Samsung Targets the Next AI Battleground with Advanced Packaging and CPO - semivision / “x”PO Technologies Accelerate Evolution, Reshaping the Optical Interconnect Landscape for AI Data Centers - Data Center…",16,13,0,10,10,3,5,57,already_in_pool,pending,191c5917ec33b1c1; 3cb5613f5c09c0cb; 335f43da8a24bf7b; 4699906b9c0874d1; 55c9777112a4dd9d; a0d1827a4f70d3da; 76502174d7cd6fe6; fd3c36d790541ddd; 4fbcdcb0675b757d; f536ce89fd6c7df0; 98f541570aa4b632; 1d35fb2b78f2a1ee,,762.99,-8.4749,2026-07-24T13:30:00+00:00,单日大跌，需要确认是否基本面破坏
2026-07-26,688498.SS,源杰科技,A股,online_pool,AI inference serving and networking; CPO and optical interconnect,上游,,"“x”PO Technologies Accelerate Evolution, Reshaping the Optical Interconnect Landscape for AI Data Centers - Data Center… / Is UMC's HyperLight Partnership a Game-Changer for AI Photonics - Kavout | AI / Innolume Expands Quantum Dot Manufacturing Platform with Veeco GEN2000 MBE System - Quantum Computing Report",16,13,0,10,10,4,2,55,already_in_pool,pending,335f43da8a24bf7b; 4699906b9c0874d1; 55c9777112a4dd9d; a0d1827a4f70d3da; 76502174d7cd6fe6; fd3c36d790541ddd; 4fbcdcb0675b757d; f536ce89fd6c7df0; 1d35fb2b78f2a1ee; 5bf9aee7c38229e8; 2f5963b6f5523fb8; c8a6b0e98e70d823,,1390.0,-3.8062,2026-07-24T01:30:00+00:00,日内位置温和；原池状态提示过热/高估值
2026-07-26,NOW,ServiceNow,美股,online_pool,AI PCB and advanced packaging; Semiconductor materials and consumables,下游,NOW,AMAT vs. Q: Which Advanced Packaging Stock is a Safer Bet Right Now? - The Globe and Mail,12,13,0,10,2,6,5,48,already_in_pool,pending,edf79ff6cdee28f8,,98.78,7.4396,2026-07-24T13:30:00+00:00,日内较强，注意追高
